User0,The Prestige:3,Gandhi:5,Ride Along 2:1,Rambo:4,Face/Off   :5
User1,Thunderball:3,Concussion:1,The Amazing Spider-Man:2,Blade Runner 2049:4
User2,The Social Network:1,Nausicaä of the Valley of the Wind:2,13 Hours:3
User3,Brokeback Mountain:1,Jack the Giant Slayer:2,Knight and Day:4
User4,Indiana Jones and the Kingdom of the Crystal Skull:1,The Basketball Diaries:2,Rambo:4,Une intime conviction:2,The Social Network:5
User5,America's Sweethearts:4
User6,Mamma Mia!:5,Gandhi:1,Laurel Canyon:1,Dirty Grandpa:2,...and justice for all.:2
User7,Fight Club:2
User8,RED 2:3,Sydney White:3,The Dead Pool:3,Face/Off:5
User9,Valhalla Rising:2,Jumper:2,Brokeback Mountain:2,Johnny English Reborn:5,Legally Blonde:2,Bird on a Wire:1
User10,Vanilla Sky:2,Wind River:2,Sherlock Holmes:5,Fighting with My Family:2,The Untouchables:4,Charlie St. Cloud:2
User11,RED 2:4
User12,The Untouchables:5
User13,The Darjeeling Limited:3,The Spy Who Dumped Me:2
User14,The Rock:4
User15,American Assassin:2,Grown Ups:3,The Spy Who Dumped Me:5,Django Unchained:4,The Hangover Part II:3,Knight and Day:1
User16,RED 2:5,America's Sweethearts:5,Homefront:4,Valhalla Rising:1,Concussion:5
User17,Brokeback Mountain:2
User18,Mamma Mia!:5,Face/Off:3,Vanilla Sky:1,2012:4,The Place Beyond the Pines:3
User19,West Side Story:5,Miss Congeniality:2,Brokeback Mountain:1,Joy:1,The Girl in the Spider's Web:5,Out of Africa:3
User20,The House That Jack Built:5,Mercury Rising:4,Bill & Ted's Excellent Adventure:5,American Pie 2:1,Iron Man 3:3,Miss Congeniality:2,Indiana Jones and the Kingdom of the Crystal Skull:2
User21,Nerve:1,Ordinary People:5,Vanilla Sky:5,Johnny English Reborn:4,Jack the Giant Slayer:4,The Basketball Diaries:3
User22,Casino Royale:5,Mercury Rising:5,Legally Blonde:5,The Hangover Part II:1,Out of Africa:5,Waterworld:3,Rambo:2
User23,Taxi Driver:3,Mamma Mia!:2,Nausicaä of the Valley of the Wind:1,Gandhi:1,American Assassin:3
User24,American Pie 2:1,Safe House:1
User25,RED 2:5,Troy:3,Grave of the Fireflies:4,Laurel Canyon:1,Sherlock Holmes:4,RoboCop 4:3
User26,The Untouchables:3,Fight Club:1,2012:2,Brokeback Mountain:2,Mercury Rising:3,Allegiant:2,Gandhi:4,The Dead Pool:1
User27,Hart's War:4,Fargo:1,Taxi Driver:4,West Side Story:3,Argo:1,...and justice for all.:1,The House That Jack Built:1
User28,Waterworld:3,RED 2:1,The Social Network:2,Edge of Tomorrow:2,Gandhi:3
User29,Hart's War:4,Just Married:3,Hotel Artemis:3,The Spy Who Dumped Me:1
User30,Grown Ups:3,Bandits:2,The Hangover Part II:5,Valhalla Rising:3,Sydney White:5,The Royal Tenenbaums:2,The House That Jack Built:2,Stand by Me:2
User31,The Darjeeling Limited:4,Pale Rider:5,American Pie 2:2,The Dead Pool:4,Argo:2,The Mask of Zorro:3
User32,The Prestige:2,War for the Planet of the Apes:5,Grave of the Fireflies:5,Hotel Rwanda:4,Miss Congeniality:4,Dirty Grandpa:5,The Place Beyond the Pines:5
User33,...and justice for all.:4,Bill & Ted's Excellent Adventure:3,Hostel:3,Waterworld:5,The Royal Tenenbaums:4,Sherlock Holmes:4
User34,Knight and Day:1,Grave of the Fireflies:1,Mamma Mia!:1,Moonraker:5,Bandits:2,The Basketball Diaries:1,Waterworld:5
User35,Hart's War:4
User36,Hart's War:4,The Hangover Part II:4,Con Air:3
User37,13 Hours:4,Bandits:2,Just Married:5,Nausicaä of the Valley of the Wind:2,West Side Story:1
User38,Troy:2,Argo:5,Hart's War:4
User39,Fargo:1,The Place Beyond the Pines:4
User40,Fighting with My Family:3,Total Recall:4,Rambo:3,Brokeback Mountain:2,Stand by Me:4,The Darjeeling Limited:5,Iron Man 3:1
User41,Legally Blonde:1,Troy:1,Ride Along 2:2,The Royal Tenenbaums:4,Grave of the Fireflies:1,Thunderball:3,American Assassin:2
User42,Miss Congeniality:5,Bill & Ted's Excellent Adventure:3,West Side Story:5,Just Married:4,Hostel:1
User43,Terms of Endearment:4,Nerve:3,Allegiant:1,Johnny English Reborn:5,Valhalla Rising:4,The Basketball Diaries:5,Ordinary People:5,Rambo:5
User44,Argo:1,Ride Along 2:4,The Darjeeling Limited:1,13 Hours:2,The Amazing Spider-Man:3,Casino Royale:2,Iron Man 3:4
User45,Troy:3,The Social Network:2,Legally Blonde:2,Fight Club:3
User46,Bill & Ted's Excellent Adventure:1,Allegiant:1
User47,Concussion:4,Johnny English Reborn:1,Out of Africa:2,The Untouchables:5,Bird on a Wire:3,Mamma Mia!:2,The House That Jack Built:5,Bandits:1
User48,Hotel Rwanda:5,Hart's War:3,West Side Story:5,Just Married:2,The Dead Pool:4,The Untouchables:5,Grave of the Fireflies:3,Safe House:2
User49,The Basketball Diaries:5,Thunderball:5,Gandhi:3,City of God:5
User50,City of God:2,Vanilla Sky:5
User51,The Gauntlet:2,Homefront:3,Fighting with My Family:1,The Place Beyond the Pines:5,Laurel Canyon:2
User52,Argo:1,Troy:4,Hostel:4
User53,Grave of the Fireflies:3,Indiana Jones and the Kingdom of the Crystal Skull:2,The Untouchables:1,Django Unchained:5,Face/Off:1,The Place Beyond the Pines:2,Valhalla Rising:2
User54,War for the Planet of the Apes:1
User55,Ordinary People:2,Grown Ups:3,Jack the Giant Slayer:5,Pale Rider:2,Blade Runner 2049:5,Just Married:5
User56,Hotel Artemis:5,The Dead Pool:4
User57,West Side Story:5,Knight and Day:5,Bill & Ted's Excellent Adventure:4,Cliffhanger:2,Strangers on a Train:2,Fighting with My Family:5
User58,We Were Soldiers:1,The Place Beyond the Pines:4,Laurel Canyon:4,America's Sweethearts:1,Nerve:4,Terms of Endearment:4
User59,Jumper:1,Edge of Tomorrow:2,The Royal Tenenbaums:1,Terms of Endearment:4,Out of Africa:1,Just Married:3,The Amazing Spider-Man:5
User60,Miss Congeniality:3,...and justice for all.:3,Sherlock Holmes:3
User61,The Amazing Spider-Man:2,West Side Story:4,The Mask of Zorro:2,Iron Man 2:1
User62,Message in a Bottle:2,American Pie 2:1,Fighting with My Family:1
User63,West Side Story:1,Miss Congeniality:1,The House That Jack Built:2,Laurel Canyon:5,Argo:1,Indiana Jones and the Kingdom of the Crystal Skull:5,Total Recall:2,Ordinary People:5
User64,Argo:5,Gandhi:4,Mercury Rising:2,Vanilla Sky:5,The Rock:1,Hotel Artemis:5
User65,Rambo:3,Grown Ups:2,Witness for the Prosecution:2
User66,Vanilla Sky:2,Just Married:5,Indiana Jones and the Kingdom of the Crystal Skull:2,Fargo:4,Dirty Grandpa:4,The Prestige:4
User67,The Social Network:1,The Darjeeling Limited:5,Strangers on a Train:2,Blade Runner 2049:5,America's Sweethearts:3,To the Forest of Firefly Lights:4,Witness for the Prosecution:5,RED 2:1
User68,We Were Soldiers:2
User69,Waterworld:4,Gandhi:3,Gran Torino:2,Joy:5,Mercury Rising:5,Dirty Harry:4,Grown Ups:2,The Gauntlet:2
User70,Miss Congeniality:3,The Hunger Games:3,Bill & Ted's Excellent Adventure:5
User71,Strangers on a Train:5,The Place Beyond the Pines:5,The Dead Pool:2,Sherlock Holmes:2,Charlie St. Cloud:4,Ride Along 2:2
User72,Grown Ups:3,Casino Royale:4,Bill & Ted's Excellent Adventure:1,Iron Man 2:2
User73,Argo:3,American Pie 2:2,Sydney White:2,Gran Torino:4
User74,Nausicaä of the Valley of the Wind:1,Fargo:1
User75,Rambo:3,West Side Story:1,Thunderball:2,Iron Man 3:2
User76,City of God:1,The Spy Who Dumped Me:5,13 Hours:1,Homefront:5
User77,American Pie 2:2,Total Recall:4,Cliffhanger:2,Grown Ups:4,Iron Man 2:5
User78,Hotel Artemis:3,Moonraker:1,The Hunger Games:1,Edge of Tomorrow:4,Allegiant:2
User79,Total Recall:5,Out of Africa:3,Message in a Bottle:1,Bill & Ted's Excellent Adventure:1,Ride Along 2:1,The Social Network:1,The Royal Tenenbaums:4,The Amazing Spider-Man:4
User80,Out of Africa:1,Django Unchained:2
User81,The Prestige:3
User82,The Hangover Part II:1,Stand by Me:3,Valhalla Rising:2,The Amazing Spider-Man:5
User83,Brokeback Mountain:4,Fargo:4
User84,Argo:4
User85,2012:1
User86,Iron Man 2:3,The Gauntlet:4,Knight and Day:5,The Prestige:1,Gandhi:1
User87,Fight Club:2,Sherlock Holmes:1,Hart's War:3,Homefront:5,Nausicaä of the Valley of the Wind:3,Jack the Giant Slayer:2,Valhalla Rising:3
User88,Message in a Bottle:5,We Were Soldiers:4,The Hangover Part II:2
User89,Bill & Ted's Excellent Adventure:2,The House That Jack Built:4,Rambo:3,Fight Club:3,Brokeback Mountain:1,Casino Royale:5,Taxi Driver:5,The Rock:2
User90,The Prestige:1,Bill & Ted's Excellent Adventure:5,The Amazing Spider-Man:4,Blade Runner 2049:4,The Mask of Zorro:5,The Spy Who Dumped Me:5,The Basketball Diaries:3
User91,Mamma Mia!:3
User92,Safe House:1,Bill & Ted's Excellent Adventure:4,Face/Off:1
User93,The Social Network:4
User94,Terms of Endearment:4,13 Hours:3,Pale Rider:3,The Basketball Diaries:3
User95,Pale Rider:2,Indiana Jones and the Kingdom of the Crystal Skull:3,Moonraker:1,Valhalla Rising:1
User96,The Darjeeling Limited:4,Witness for the Prosecution:3,Fight Club:1
User97,The Social Network:5,Moonraker:5,Mamma Mia!:1,The House That Jack Built:3,Johnny English Reborn:3,Taxi Driver:3
User98,Total Recall:1,Wind River:1,The Place Beyond the Pines:5,West Side Story:3,Gandhi:1,...and justice for all.:2
User99,Bird on a Wire:3,The Rock:3
User100,Rambo:3,Hotel Artemis:1,American Pie 2:1
User101,Rambo:3,The Basketball Diaries:1,Ride Along 2:2,The Hunger Games:4,Django Unchained:1
User102,Gran Torino:1,Grave of the Fireflies:2,Con Air:3,The Amazing Spider-Man:2,Argo:1
User103,Safe House:1
User104,Iron Man 2:2,America's Sweethearts:5
User105,Out of Africa:1,The Place Beyond the Pines:3,2012:5,Miss Congeniality:3,The Darjeeling Limited:3,Thunderball:5
User106,Moonraker:2,America's Sweethearts:2,Mercury Rising:2,Fight Club:3,The Hunger Games:4,Cliffhanger:5,The Mask of Zorro:4
User107,Argo:1,Fargo:3,Dirty Harry:5,Indiana Jones and the Kingdom of the Crystal Skull:2,Hotel Rwanda:5
User108,Troy:5,America's Sweethearts:1,Hostel:4,Wind River:4,Cliffhanger:4
User109,The Prestige:1,War for the Planet of the Apes:5,Grave of the Fireflies:3,American Assassin:2,Nerve:1,Hotel Rwanda:2
User110,Nerve:1,Rambo:4
User111,Hotel Rwanda:5,American Assassin:5
User112,To the Forest of Firefly Lights:3,Concussion:3,Laurel Canyon:2,City of God:2,Message in a Bottle:4,The Hangover Part II:1,Legally Blonde:3,The Untouchables:5
User113,The Social Network:1,Mamma Mia!:4,Message in a Bottle:3,Gran Torino:3
User114,Strangers on a Train:4,The Basketball Diaries:4,American Assassin:1,We Were Soldiers:4,Stand by Me:1,Laurel Canyon:4
User115,West Side Story:3,Gandhi:5,Brokeback Mountain:2,The Social Network:1,Con Air:1,RED 2:1
User116,Dirty Grandpa:4
User117,Thunderball:5,The Social Network:3,Edge of Tomorrow:2,Face/Off:4
User118,Taxi Driver:2,Pale Rider:4,13 Hours:1,Jumper:4,Blade Runner 2049:4
User119,Nausicaä of the Valley of the Wind:2,Blade Runner 2049:2,Face/Off:3,Sherlock Holmes:1,Moonraker:1,Hart's War:3
User120,Moonraker:2,The Gauntlet:5,Joy:3,The Hunger Games:1,American Assassin:2,The Dead Pool:5,The Dark Knight:3,Django Unchained:5
User121,Strangers on a Train:1,The Social Network:3
User122,Miss Congeniality:3,Ordinary People:5,Indiana Jones and the Kingdom of the Crystal Skull:5,The Amazing Spider-Man:3,The House That Jack Built:4
User123,13 Hours:3
User124,Casino Royale:3,Blade Runner 2049:4,Stand by Me:5,Laurel Canyon:3,Wind River:1,Message in a Bottle:3,The Spy Who Dumped Me:1
User125,The Dark Knight:4,Grave of the Fireflies:1,The Girl in the Spider's Web:4,Total Recall:5,Waterworld:2,The Gauntlet:3,...and justice for all.:4
User126,Gran Torino:5,Grown Ups:5,Concussion:3,Edge of Tomorrow:2
User127,The Place Beyond the Pines:4,Homefront:4,The Prestige:1,Jack the Giant Slayer:3
User128,Ordinary People:2,West Side Story:5,Joy:4,The Hunger Games:5,Bandits:1,Safe House:3
User129,The Basketball Diaries:2
User130,Witness for the Prosecution:1,First Reformed:4,Iron Man 3:3,Fight Club:5
User131,Terms of Endearment:1,American Pie 2:3,Jumper:3,Moonraker:3,Vanilla Sky:1,Valhalla Rising:3
User132,Iron Man 3:1,Dirty Grandpa:3,Out of Africa:5,The Amazing Spider-Man:3
User133,The Untouchables:5,Wind River:4,Concussion:1,Fight Club:2,The Mask of Zorro:4
User134,RED 2:2,Dirty Harry:3,America's Sweethearts:1,Fighting with My Family:1,Une intime conviction:2,Nausicaä of the Valley of the Wind:4,The Amazing Spider-Man:3,The Dead Pool:2
User135,Fight Club:1,Miss Congeniality:3,Legally Blonde:4,Hostel:5
User136,Gran Torino:1,Ride Along 2:1
User137,Moonraker:3,The Hunger Games:1,War for the Planet of the Apes:3,Waterworld:1,Indiana Jones and the Kingdom of the Crystal Skull:4,Gandhi:2,Mercury Rising:5,Jack the Giant Slayer:5
User138,Con Air:5,The Amazing Spider-Man:5,The Untouchables:5,The Dead Pool:5,West Side Story:2,Rambo:1
User139,Grave of the Fireflies:4,Terms of Endearment:4,American Assassin:3,The House That Jack Built:2,We Were Soldiers:5,Laurel Canyon:1
User140,Hart's War:4,The Place Beyond the Pines:1,Fighting with My Family:5
User141,Fargo:1,Iron Man 3:1,Con Air:1,The Basketball Diaries:3,Hart's War:1,Sydney White:2
User142,Sherlock Holmes:3,The Untouchables:2,Hostel:2,Waterworld:1
User143,Dirty Grandpa:4,Con Air:4,Total Recall:1,Safe House:2,Casino Royale:2,Gran Torino:4,Pale Rider:3,America's Sweethearts:4
User144,Valhalla Rising:3
User145,Indiana Jones and the Kingdom of the Crystal Skull:5,The Mask of Zorro:5
User146,The Amazing Spider-Man:2
User147,Gran Torino:3
User148,The Girl in the Spider's Web:3,Legally Blonde:4,The Dark Knight:2,Ride Along 2:3,Knight and Day:3,War for the Planet of the Apes:4,Hart's War:1,America's Sweethearts:5
User149,Vanilla Sky:1
User150,The Untouchables:2,Valhalla Rising:5,Brokeback Mountain:2,Laurel Canyon:2
User151,The Hunger Games:4,The Hangover Part II:3,Ride Along 2:4,Brokeback Mountain:1,Pale Rider:2,Valhalla Rising:4,Argo:1,Casino Royale:4
User152,The Mask of Zorro:2,Iron Man 3:1,The Royal Tenenbaums:1,Hotel Rwanda:3,Concussion:2,Grave of the Fireflies:2
User153,13 Hours:3,Charlie St. Cloud:5,Witness for the Prosecution:5
User154,Grown Ups:4,Hostel:5,The Dead Pool:3
User155,Troy:2,Valhalla Rising:4,Taxi Driver:2,To the Forest of Firefly Lights:3,The Untouchables:5
User156,The Prestige:2,Hotel Artemis:3,Ordinary People:3
User157,Stand by Me:4,Total Recall:2,Vanilla Sky:1,Valhalla Rising:2,Blade Runner 2049:4,Fight Club:3
User158,Blade Runner 2049:2,Johnny English Reborn:5,Hostel:2,The Untouchables:1
User159,Dirty Harry:4
User160,Out of Africa:2,Sydney White:4,Sherlock Holmes:3,Nerve:3,The Dead Pool:1,The Darjeeling Limited:3,Johnny English Reborn:1
User161,Django Unchained:4,Allegiant:4,The Mask of Zorro:3,Troy:1,Hostel:2
User162,The Place Beyond the Pines:4,Hotel Artemis:4,Grown Ups:5,The Royal Tenenbaums:5,Dirty Harry:3,13 Hours:2
User163,Strangers on a Train:4,Safe House:3,Message in a Bottle:4,The Hangover Part II:1,Gran Torino:1,Valhalla Rising:1,Pale Rider:2
User164,The Amazing Spider-Man:3,Gran Torino:2,Pale Rider:1,RED 2:5,Hotel Rwanda:4,Mamma Mia!:4
User165,Rambo:5,Sydney White:3,The Amazing Spider-Man:5,The Royal Tenenbaums:2,The Prestige:5
User166,Indiana Jones and the Kingdom of the Crystal Skull:1,Sherlock Holmes:3,Iron Man 3:2,The House That Jack Built:1,Troy:5,To the Forest of Firefly Lights:5,War for the Planet of the Apes:5
User167,Gran Torino:5,The House That Jack Built:2,West Side Story:3
User168,Moonraker:3,Johnny English Reborn:2,Stand by Me:3,Hotel Artemis:2,Thunderball:2
User169,The Mask of Zorro:3,Troy:2
User170,Fargo:5,The Basketball Diaries:5,13 Hours:5,Hart's War:3,Ride Along 2:2
User171,American Pie 2:3,Bandits:2,...and justice for all.:4
User172,Valhalla Rising:3,Just Married:4,Concussion:5,The Girl in the Spider's Web:5,Taxi Driver:3,We Were Soldiers:4
User173,Ride Along 2:3,The Social Network:4,Fargo:5
User174,Message in a Bottle:4,American Assassin:2,The Darjeeling Limited:4,Stand by Me:5,Sherlock Holmes:4,The Spy Who Dumped Me:2
User175,Jumper:5,Indiana Jones and the Kingdom of the Crystal Skull:3,Wind River:4,Message in a Bottle:2,We Were Soldiers:4
User176,Fighting with My Family:5,Casino Royale:4
User177,Waterworld:4,Fighting with My Family:1
User178,Knight and Day:1,Dirty Grandpa:4
User179,The Dead Pool:4,Dirty Harry:2
User180,Dirty Grandpa:1,Hotel Artemis:2,Jumper:1
User181,Miss Congeniality:2,Vanilla Sky:1,Bird on a Wire:5,Grave of the Fireflies:4,Charlie St. Cloud:4,The Prestige:3,War for the Planet of the Apes:1,...and justice for all.:1
User182,Valhalla Rising:2,The Girl in the Spider's Web:3,Knight and Day:1,Terms of Endearment:2,Allegiant:2
User183,Fargo:5,Brokeback Mountain:5,Nerve:4,Waterworld:1,Concussion:4
User184,Ordinary People:4,2012:4,Knight and Day:1,The Social Network:5,Wind River:4,The Spy Who Dumped Me:3,The Hunger Games:4
User185,Safe House:2,The Hangover Part II:4,Message in a Bottle:4
User186,Wind River:3,America's Sweethearts:3,Legally Blonde:5,Miss Congeniality:1,Waterworld:4,Hotel Rwanda:5
User187,Legally Blonde:1,RoboCop 4:4,Fargo:4,Bill & Ted's Excellent Adventure:2,Rambo:4
User188,...and justice for all.:2,Blade Runner 2049:4,Argo:5,To the Forest of Firefly Lights:5,Laurel Canyon:4
User189,The House That Jack Built:4,Message in a Bottle:3,2012:3,Strangers on a Train:5
User190,Hart's War:4
User191,Face/Off:4,Wind River:2
User192,Dirty Grandpa:5,Total Recall:1,Nerve:4
User193,Casino Royale:3,War for the Planet of the Apes:2,...and justice for all.:4,Witness for the Prosecution:4,Knight and Day:3
User194,Gandhi:2,Homefront:5,Just Married:2,The Spy Who Dumped Me:1,The Hangover Part II:4,Allegiant:5,Jack the Giant Slayer:5
User195,The House That Jack Built:5,Thunderball:4
User196,Rambo:3,American Assassin:4,Casino Royale:4,Witness for the Prosecution:2,First Reformed:4,Vanilla Sky:1,The Dark Knight:1,The House That Jack Built:2
User197,Nerve:3,Brokeback Mountain:5,The Dark Knight:5,Fight Club:4
User198,Concussion:5,Argo:5,Bandits:5,Hostel:1,Fighting with My Family:4,Thunderball:1
User199,Rambo:2,Mamma Mia!:4,American Pie 2:4,Dirty Harry:5,The Amazing Spider-Man:2,Sydney White:1,Message in a Bottle:3,Fight Club:3
User200,Stand by Me:4,Iron Man 3:1,The Darjeeling Limited:2,We Were Soldiers:1,Concussion:3,Fargo:5,Cliffhanger:1,Witness for the Prosecution:3
User201,Iron Man 3:4,Ordinary People:2,Concussion:1,Witness for the Prosecution:5,Moonraker:5,Terms of Endearment:5,Dirty Harry:1
User202,Gran Torino:5,Casino Royale:4,Laurel Canyon:2,Just Married:3,To the Forest of Firefly Lights:1,RoboCop 4:3,The Hunger Games:5
User203,Joy:3,Une intime conviction:5,Concussion:1,The Social Network:1,The Amazing Spider-Man:5,The Spy Who Dumped Me:5,Total Recall:4,Django Unchained:5
User204,Blade Runner 2049:3,The Untouchables:5,The Dark Knight:3,Legally Blonde:5,Strangers on a Train:2,Nerve:4,Troy:2,Safe House:4
User205,Total Recall:4,Dirty Harry:2,13 Hours:1,Une intime conviction:4,Blade Runner 2049:2,Fight Club:5,Grave of the Fireflies:1
User206,Django Unchained:5
User207,The House That Jack Built:2,The Basketball Diaries:4,2012:3,Vanilla Sky:5,Iron Man 3:5,Indiana Jones and the Kingdom of the Crystal Skull:4
User208,Strangers on a Train:5,The Dark Knight:2,First Reformed:3,American Assassin:4,The Place Beyond the Pines:5
User209,Waterworld:3,Miss Congeniality:4,Django Unchained:2,Valhalla Rising:2,Thunderball:3
User210,West Side Story:5,Jack the Giant Slayer:5,Mamma Mia!:3,Laurel Canyon:3
User211,The Hangover Part II:3,Brokeback Mountain:3,Cliffhanger:5,Vanilla Sky:4,Bill & Ted's Excellent Adventure:2,The Basketball Diaries:5,Nausicaä of the Valley of the Wind:2
User212,Gandhi:1,The Amazing Spider-Man:3,Hotel Artemis:5
User213,The Basketball Diaries:1,Cliffhanger:3,Waterworld:5,The Hunger Games:3
User214,Fight Club:2,Joy:5,Indiana Jones and the Kingdom of the Crystal Skull:1,Grown Ups:4,The Hunger Games:5,Cliffhanger:2
User215,First Reformed:4
User216,Just Married:4
User217,American Assassin:1,Ordinary People:2
User218,The Mask of Zorro:1,Out of Africa:2,The Social Network:5,Terms of Endearment:5,Grown Ups:5
User219,Waterworld:3,The House That Jack Built:1,Laurel Canyon:1
User220,Iron Man 3:5,RoboCop 4:1,Taxi Driver:4,Bill & Ted's Excellent Adventure:3,The Amazing Spider-Man:5,Just Married:4,Gandhi:2,Fargo:5
User221,Nausicaä of the Valley of the Wind:3,The Hunger Games:5,Brokeback Mountain:2,Casino Royale:3,Con Air:3,Django Unchained:2
User222,Con Air:5,Bill & Ted's Excellent Adventure:5,The Untouchables:5
User223,13 Hours:1,Brokeback Mountain:3,City of God:5,America's Sweethearts:1
User224,Gran Torino:3,Face/Off:4,Con Air:1,The Hunger Games:2
User225,Dirty Harry:3,Nausicaä of the Valley of the Wind:2,City of God:5,The Social Network:4,First Reformed:3,Out of Africa:2,Charlie St. Cloud:1,The Girl in the Spider's Web:4
User226,Taxi Driver:3,Rambo:3,West Side Story:4,Sydney White:1,The Dead Pool:5
User227,Iron Man 2:1,Blade Runner 2049:5,Mamma Mia!:5,Con Air:2,Sydney White:1,Vanilla Sky:3,The Spy Who Dumped Me:1
User228,Jack the Giant Slayer:1,Grave of the Fireflies:4,Sherlock Holmes:1,Dirty Harry:3,Hotel Rwanda:3
User229,The Mask of Zorro:1,Casino Royale:3
User230,Wind River:1
User231,Rambo:3,Casino Royale:5,The Hunger Games:4,RoboCop 4:3,Bill & Ted's Excellent Adventure:1
User232,Waterworld:3,Valhalla Rising:4,The Amazing Spider-Man:1
User233,The Amazing Spider-Man:5,The Place Beyond the Pines:1,Message in a Bottle:2,Troy:2
User234,The Rock:4,The Prestige:5,Dirty Harry:5,Ride Along 2:1,The Untouchables:1,The Spy Who Dumped Me:2,Safe House:5,The Darjeeling Limited:4
User235,Grown Ups:1,Argo:1,First Reformed:4,The Place Beyond the Pines:1,Message in a Bottle:4,The Dark Knight:1,Edge of Tomorrow:4,Grave of the Fireflies:2
User236,Stand by Me:4,Valhalla Rising:5,Total Recall:2,Argo:5,Hotel Artemis:2,West Side Story:5
User237,Fighting with My Family:2,Strangers on a Train:3,Gran Torino:1,First Reformed:2,Une intime conviction:5
User238,Grave of the Fireflies:4,We Were Soldiers:1,Safe House:5,Message in a Bottle:1,Gran Torino:3,Johnny English Reborn:2
User239,Hotel Artemis:5,Charlie St. Cloud:3,Fight Club:1,Fargo:5
User240,Moonraker:1,Iron Man 2:3,Fighting with My Family:3,Witness for the Prosecution:4
User241,Cliffhanger:3
User242,13 Hours:2,Sherlock Holmes:5,Miss Congeniality:4
User243,Blade Runner 2049:2,Nausicaä of the Valley of the Wind:4,The Girl in the Spider's Web:5,Fargo:4
User244,The Prestige:1,Ordinary People:4
User245,The House That Jack Built:1,Safe House:2,Wind River:1,The Royal Tenenbaums:1,Bill & Ted's Excellent Adventure:2,The Hunger Games:3
User246,Mercury Rising:2,Joy:4
User247,Mamma Mia!:4,Charlie St. Cloud:2,2012:5,Casino Royale:4
User248,War for the Planet of the Apes:5,Fighting with My Family:3,Fight Club:4,Witness for the Prosecution:1
User249,Dirty Grandpa:4,Django Unchained:4,Hart's War:4,Pale Rider:4
User250,The Spy Who Dumped Me:4,Une intime conviction:4,The Girl in the Spider's Web:1,American Assassin:2
User251,Vanilla Sky:4
User252,Ordinary People:1,Concussion:1,Nerve:5
User253,Waterworld:3,RoboCop 4:1,Allegiant:2,The Untouchables:3,The Darjeeling Limited:1
User254,The Basketball Diaries:5,The Darjeeling Limited:2
User255,The Gauntlet:2
User256,Blade Runner 2049:1,Gandhi:1,Sherlock Holmes:5,We Were Soldiers:1
User257,We Were Soldiers:1,The Girl in the Spider's Web:3,Rambo:5
User258,Sherlock Holmes:2,Jack the Giant Slayer:5,The Dark Knight:4,The Girl in the Spider's Web:5,The Dead Pool:5
User259,The Social Network:2,Jumper:3,Fargo:4
User260,West Side Story:2,Hotel Artemis:5
User261,Hart's War:5,Iron Man 3:1,Safe House:5,The Girl in the Spider's Web:3
User262,Taxi Driver:3,Hart's War:3,Thunderball:2,Grave of the Fireflies:3,The Prestige:4,Knight and Day:2,Miss Congeniality:1,The Social Network:1
User263,Nausicaä of the Valley of the Wind:2,Dirty Harry:1,Taxi Driver:4,Allegiant:3,The Spy Who Dumped Me:1,Jack the Giant Slayer:2,Thunderball:2
User264,American Pie 2:3
User265,Grown Ups:1
User266,The Place Beyond the Pines:4,Sherlock Holmes:2,Une intime conviction:2,Iron Man 2:3
User267,Homefront:3,Thunderball:1
User268,Nausicaä of the Valley of the Wind:1
User269,Nausicaä of the Valley of the Wind:3,Con Air:4,American Assassin:2,The House That Jack Built:1,Thunderball:2
User270,Message in a Bottle:1,The Social Network:3,The Prestige:2
User271,We Were Soldiers:4,The Amazing Spider-Man:4,Une intime conviction:4
User272,Con Air:3,To the Forest of Firefly Lights:5,Hostel:2,Witness for the Prosecution:2,The Hunger Games:5
User273,Terms of Endearment:4,The House That Jack Built:5,Fighting with My Family:4,Bill & Ted's Excellent Adventure:2,Stand by Me:2
User274,Argo:5,Valhalla Rising:3,Troy:4,Gandhi:5,Iron Man 2:1,The Amazing Spider-Man:1,The Social Network:1
User275,The Dead Pool:4,Casino Royale:1,American Assassin:4,West Side Story:2,The Basketball Diaries:2,Jumper:5,Troy:5
User276,First Reformed:3,Homefront:3
User277,Johnny English Reborn:5,Troy:5,Witness for the Prosecution:4,War for the Planet of the Apes:3,Taxi Driver:2,Concussion:5
User278,The Basketball Diaries:2,Pale Rider:4,...and justice for all.:2,Homefront:4,Brokeback Mountain:1
User279,The Amazing Spider-Man:5,Iron Man 2:3,Django Unchained:4,Bill & Ted's Excellent Adventure:4,...and justice for all.:5,Con Air:1,Sydney White:4,Miss Congeniality:3
User280,Edge of Tomorrow:4,Fight Club:4,Iron Man 3:2,...and justice for all.:3,Joy:1,Dirty Grandpa:2,Casino Royale:3
User281,Dirty Harry:5,Concussion:2,RED 2:2,Total Recall:2
User282,Fight Club:5,Knight and Day:3,Mercury Rising:1,Waterworld:3,RoboCop 4:1
User283,RoboCop 4:2,Nerve:4,Strangers on a Train:3,Ride Along 2:2,Indiana Jones and the Kingdom of the Crystal Skull:2,RED 2:3,The Hangover Part II:1
User284,First Reformed:3,Casino Royale:2,Django Unchained:1,RED 2:2,American Pie 2:4,Thunderball:2
User285,Waterworld:4,Johnny English Reborn:1
User286,Mamma Mia!:4,Vanilla Sky:5,The Mask of Zorro:3,The Prestige:3
User287,Allegiant:2,Rambo:3
User288,RED 2:2,Charlie St. Cloud:3,We Were Soldiers:3,Rambo:3,...and justice for all.:3,Hotel Artemis:5,The Basketball Diaries:1
User289,The Place Beyond the Pines:4,The Dead Pool:1,The Rock:3,Miss Congeniality:5
User290,Charlie St. Cloud:5,Fighting with My Family:2,Legally Blonde:3,West Side Story:4
User291,Moonraker:3,Out of Africa:3,Jack the Giant Slayer:4,The House That Jack Built:3,Ride Along 2:1
User292,Miss Congeniality:1,Hotel Artemis:2,Wind River:4,Mamma Mia!:5,Bill & Ted's Excellent Adventure:1,Concussion:1,The Hunger Games:1
User293,Out of Africa:5
User294,Jumper:1,Brokeback Mountain:5,The Social Network:5,Moonraker:1,American Assassin:1,Wind River:4,Fighting with My Family:5
User295,Grave of the Fireflies:3,The Prestige:4
User296,The Place Beyond the Pines:4,City of God:2,Une intime conviction:2
User297,Moonraker:5,Strangers on a Train:5,We Were Soldiers:3
User298,The Gauntlet:5,American Assassin:3
User299,Thunderball:4,Valhalla Rising:4,Dirty Grandpa:5,The Gauntlet:5,Ride Along 2:3,Casino Royale:3
User300,The Hunger Games:5,Fargo:2,Strangers on a Train:2,Argo:4,The Social Network:4,Hotel Rwanda:5
User301,The Gauntlet:5,Cliffhanger:4,City of God:5,Con Air:1,Jack the Giant Slayer:5
User302,Out of Africa:4,The Darjeeling Limited:4,Mercury Rising:5,Brokeback Mountain:4,Pale Rider:3,Laurel Canyon:5,Nerve:2,Blade Runner 2049:1
User303,Knight and Day:1,Legally Blonde:4,Stand by Me:4
User304,Mercury Rising:2,Moonraker:3,The Girl in the Spider's Web:1,Joy:3,Brokeback Mountain:3,Witness for the Prosecution:1
User305,American Assassin:2
User306,Laurel Canyon:1,Une intime conviction:5,Sydney White:2,...and justice for all.:3,The Amazing Spider-Man:5,Dirty Harry:4,Safe House:3
User307,RED 2:3,Mamma Mia!:5,Stand by Me:4,Django Unchained:4,Face/Off:5,Edge of Tomorrow:1,Allegiant:2,Ordinary People:4
User308,Face/Off:3,Knight and Day:1,The Hangover Part II:2,Johnny English Reborn:1
User309,Nausicaä of the Valley of the Wind:3,Casino Royale:2,The Hunger Games:3,Blade Runner 2049:1,Gran Torino:5,Hotel Artemis:2
User310,Just Married:5,The Rock:4,American Assassin:5,Iron Man 2:3,Blade Runner 2049:3,Argo:1,Django Unchained:1,Rambo:1
User311,The Girl in the Spider's Web:3,Waterworld:4,Terms of Endearment:1,Argo:3
User312,Grave of the Fireflies:4,RoboCop 4:4,Iron Man 3:5,Brokeback Mountain:4,The Amazing Spider-Man:1
User313,Jack the Giant Slayer:2,The Girl in the Spider's Web:1,Indiana Jones and the Kingdom of the Crystal Skull:3,Fargo:3,Hostel:2,Iron Man 2:2
User314,Valhalla Rising:1,Hotel Rwanda:3,Message in a Bottle:5
User315,Joy:1,The Dead Pool:2,2012:3,Sydney White:5,Terms of Endearment:2,Concussion:2,The Prestige:4
User316,Face/Off:2,Argo:3,Brokeback Mountain:2,Total Recall:5,Casino Royale:1
User317,Nausicaä of the Valley of the Wind:2,Argo:3,Fargo:2
User318,Pale Rider:5,Blade Runner 2049:5,Moonraker:5
User319,Sydney White:4,Stand by Me:3,The Royal Tenenbaums:4,American Assassin:4,Moonraker:4,Nerve:2
User320,Bill & Ted's Excellent Adventure:4,RED 2:4,Edge of Tomorrow:2,Grown Ups:1,Jumper:3
User321,Mercury Rising:1,Bandits:3,The Untouchables:3,Legally Blonde:3,Just Married:5,Iron Man 2:1
User322,Une intime conviction:2,Iron Man 3:2,The Mask of Zorro:5,Witness for the Prosecution:5,Vanilla Sky:4,Dirty Grandpa:4
User323,Waterworld:3
User324,Total Recall:4,Out of Africa:5,Jack the Giant Slayer:5,Knight and Day:3,RoboCop 4:1,Fight Club:1,The Spy Who Dumped Me:1
User325,Strangers on a Train:3,Sydney White:4,Stand by Me:4
User326,American Pie 2:5,The Gauntlet:1,Out of Africa:3,The House That Jack Built:2,Argo:3,Face/Off:5,Total Recall:3,The Social Network:4
User327,Homefront:4,America's Sweethearts:4,Jack the Giant Slayer:5,Jumper:2,Dirty Grandpa:4
User328,Witness for the Prosecution:1,Rambo:3,West Side Story:3,Allegiant:1,RED 2:5,Dirty Harry:5
User329,Argo:2,Homefront:1
User330,The Hunger Games:3,Waterworld:2,Une intime conviction:5
User331,The Girl in the Spider's Web:2,Rambo:2,First Reformed:2,Message in a Bottle:1
User332,13 Hours:3,The Amazing Spider-Man:2,Grave of the Fireflies:5,The Mask of Zorro:1
User333,Message in a Bottle:2,Gandhi:1,Dirty Grandpa:4,Jumper:4,RED 2:4,Indiana Jones and the Kingdom of the Crystal Skull:1
User334,The Prestige:1,Troy:3,Allegiant:1
User335,City of God:5
User336,First Reformed:1,Ride Along 2:3,Just Married:5,The Rock:3,We Were Soldiers:4,The Amazing Spider-Man:3,Hotel Artemis:2,Ordinary People:4
User337,West Side Story:1,The Girl in the Spider's Web:5
User338,Joy:1,RoboCop 4:3,Thunderball:3,Stand by Me:3,The Untouchables:1
User339,Con Air:4
User340,The Dead Pool:5,The Basketball Diaries:2,Nausicaä of the Valley of the Wind:3,The Hunger Games:4,Argo:4,The Untouchables:3,Con Air:1,Valhalla Rising:4
User341,Hostel:1,The Dark Knight:1,Miss Congeniality:3,Knight and Day:5,The Hangover Part II:3,Cliffhanger:2,Grave of the Fireflies:5,Hotel Artemis:5
User342,Con Air:1,Charlie St. Cloud:4,Moonraker:2,Valhalla Rising:1,Django Unchained:3
User343,The Amazing Spider-Man:2
User344,The Spy Who Dumped Me:3,Thunderball:5,We Were Soldiers:1,The Basketball Diaries:4,Hart's War:3,Wind River:2,Moonraker:3
User345,Hotel Artemis:1,The Amazing Spider-Man:1,Just Married:4,Iron Man 3:4
User346,Dirty Grandpa:3,Allegiant:5,Taxi Driver:5,The Spy Who Dumped Me:2,America's Sweethearts:5,Edge of Tomorrow:2
User347,Witness for the Prosecution:1,Jumper:4,Pale Rider:3,Dirty Harry:1,Valhalla Rising:2,Casino Royale:2,Hostel:1,Waterworld:4
User348,Iron Man 2:3,The Social Network:1
User349,Out of Africa:5,The Social Network:5,Jack the Giant Slayer:4,Hart's War:5,Iron Man 3:5,The Gauntlet:2,Django Unchained:4
User350,The Darjeeling Limited:2,Hart's War:1,Django Unchained:2,American Pie 2:3,Concussion:1,Bird on a Wire:2,First Reformed:2
User351,Edge of Tomorrow:2,Laurel Canyon:2,The Hunger Games:4,Wind River:1,Dirty Grandpa:1,Cliffhanger:3,Rambo:3
User352,Con Air:1,Indiana Jones and the Kingdom of the Crystal Skull:5,Wind River:3,Face/Off:1
User353,Message in a Bottle:2
User354,RoboCop 4:1,Strangers on a Train:2,Jack the Giant Slayer:5,Mamma Mia!:2,...and justice for all.:5,Out of Africa:4
User355,America's Sweethearts:5,Just Married:1,Total Recall:1,Witness for the Prosecution:4
User356,Taxi Driver:5,Nerve:2,Dirty Harry:5,Casino Royale:4,Sherlock Holmes:1
User357,Une intime conviction:5,RoboCop 4:4,War for the Planet of the Apes:1,The Spy Who Dumped Me:2,...and justice for all.:3,Waterworld:2,Casino Royale:2
User358,Mercury Rising:1
User359,The Rock:5,Face/Off:5,Wind River:3,Une intime conviction:4,West Side Story:4
User360,Gran Torino:2,Bandits:5,Sherlock Holmes:3,The Hunger Games:2
User361,Johnny English Reborn:5,Sydney White:5,Terms of Endearment:2,The Rock:3
User362,Mamma Mia!:2
User363,Sydney White:5,Blade Runner 2049:5,The Gauntlet:4,RoboCop 4:1,Safe House:3,The Rock:1,13 Hours:3,Wind River:2
User364,Grave of the Fireflies:4,Waterworld:4,Bandits:5,Bill & Ted's Excellent Adventure:1
User365,Terms of Endearment:2,American Assassin:2,America's Sweethearts:3
User366,We Were Soldiers:4,Dirty Harry:3,Wind River:4,Hotel Rwanda:5,Fargo:2,Fight Club:2
User367,Safe House:4,Out of Africa:2,American Pie 2:1,The Amazing Spider-Man:2,Hostel:5
User368,Rambo:5,Bird on a Wire:5,Miss Congeniality:5
User369,The Dark Knight:4,The Untouchables:3,Indiana Jones and the Kingdom of the Crystal Skull:5,Grave of the Fireflies:1
User370,Troy:5,Ride Along 2:1,2012:1,Mamma Mia!:4,Valhalla Rising:5,Fight Club:1,Cliffhanger:4
User371,Django Unchained:4,Edge of Tomorrow:2,Terms of Endearment:2,Gandhi:3
User372,Out of Africa:1,The Place Beyond the Pines:5,We Were Soldiers:5,Grown Ups:2,To the Forest of Firefly Lights:3,The Amazing Spider-Man:1,Sydney White:3
User373,The Social Network:2,America's Sweethearts:1,City of God:5
User374,Iron Man 2:4,Blade Runner 2049:1,The Amazing Spider-Man:5,Ordinary People:5,Fargo:2
User375,Terms of Endearment:1,Grown Ups:2,Dirty Harry:2,Concussion:5
User376,Message in a Bottle:1,The Place Beyond the Pines:2,Bill & Ted's Excellent Adventure:2,RED 2:3,Concussion:5,Moonraker:5
User377,To the Forest of Firefly Lights:1
User378,Pale Rider:4,2012:1,Legally Blonde:3
User379,The Prestige:3,Wind River:2,Charlie St. Cloud:1,Strangers on a Train:2
User380,The Amazing Spider-Man:3,Nausicaä of the Valley of the Wind:1,First Reformed:4
User381,Une intime conviction:2,Hotel Artemis:1,West Side Story:5,Dirty Grandpa:3,13 Hours:3,Dirty Harry:3,Bird on a Wire:5,We Were Soldiers:1
User382,Joy:1,Jumper:3,The Darjeeling Limited:3,First Reformed:5,The Dead Pool:1,West Side Story:4
User383,West Side Story:3,Stand by Me:2,Bird on a Wire:2,Wind River:1,Just Married:3,First Reformed:4
User384,Sherlock Holmes:4,Valhalla Rising:1,The Darjeeling Limited:5
User385,Joy:2,Legally Blonde:3,Taxi Driver:1,Pale Rider:5,The Rock:4,2012:4,First Reformed:3
User386,Laurel Canyon:2,Argo:3,The Mask of Zorro:3
User387,Moonraker:3,13 Hours:2,Fight Club:2,We Were Soldiers:1,Face/Off:3,2012:4,Indiana Jones and the Kingdom of the Crystal Skull:5,Argo:2
User388,Dirty Harry:4,To the Forest of Firefly Lights:3,War for the Planet of the Apes:1,Edge of Tomorrow:1
User389,Gandhi:4,Fargo:2,RoboCop 4:4,Hart's War:5,The Royal Tenenbaums:1
User390,Bill & Ted's Excellent Adventure:5
User391,Vanilla Sky:1,Total Recall:2,2012:3,Miss Congeniality:5,Stand by Me:1
User392,Mamma Mia!:5
User393,The Mask of Zorro:1,Fight Club:4
User394,Iron Man 2:3,Blade Runner 2049:1,RED 2:1,To the Forest of Firefly Lights:2,Bird on a Wire:4,Homefront:5,Fighting with My Family:1,The Gauntlet:1
User395,Jumper:5,The Mask of Zorro:5
User396,American Assassin:2,The Darjeeling Limited:4,The Amazing Spider-Man:4,13 Hours:3,West Side Story:3,Django Unchained:1,Grown Ups:3
User397,The Basketball Diaries:2,To the Forest of Firefly Lights:1,Wind River:5,Strangers on a Train:5
User398,The Social Network:1,13 Hours:5,American Assassin:2,Witness for the Prosecution:1,Fargo:4
User399,Witness for the Prosecution:5
User400,Casino Royale:5,Hotel Artemis:4,Rambo:2,Cliffhanger:2,Troy:5,Total Recall:3
User401,The Gauntlet:5,RED 2:2,Laurel Canyon:2,Une intime conviction:4,Hotel Rwanda:3,The Hangover Part II:5
User402,Cliffhanger:4,Knight and Day:4,The Darjeeling Limited:2
User403,Ordinary People:3,Just Married:2,The Hangover Part II:1,Nausicaä of the Valley of the Wind:5,Iron Man 3:1
User404,Valhalla Rising:3,Wind River:4,Just Married:2,The Hangover Part II:3
User405,War for the Planet of the Apes:1,Hotel Rwanda:2,West Side Story:4,Legally Blonde:4,Argo:5
User406,RED 2:1,The Untouchables:3,Ordinary People:1,Bird on a Wire:4,Legally Blonde:1,Hotel Artemis:3,Jumper:1
User407,Charlie St. Cloud:3,Valhalla Rising:1
User408,Iron Man 3:4,To the Forest of Firefly Lights:5
User409,Grave of the Fireflies:2,Casino Royale:2,The Prestige:2
User410,The Hangover Part II:4,Nerve:5,Hostel:3,Stand by Me:2,Joy:1
User411,Miss Congeniality:4,Safe House:3,Gran Torino:3,Fargo:2
User412,Total Recall:4,Sherlock Holmes:5,Taxi Driver:4
User413,Iron Man 3:1,American Assassin:1,Hostel:3,Fighting with My Family:4
User414,Argo:1
User415,RED 2:4,Troy:5,American Pie 2:5,Knight and Day:4,We Were Soldiers:2,Mercury Rising:1,Wind River:5,Fight Club:1
User416,RED 2:2,Concussion:5
User417,Moonraker:3,The Girl in the Spider's Web:3,The Royal Tenenbaums:1,Hotel Artemis:3,Fargo:2,Bird on a Wire:5
User418,Une intime conviction:4,Brokeback Mountain:1,Dirty Harry:3,Joy:4,To the Forest of Firefly Lights:2,Terms of Endearment:5
User419,West Side Story:5,Gran Torino:3,The Hunger Games:4,First Reformed:3
User420,Hostel:5,The Spy Who Dumped Me:4,Fighting with My Family:4
User421,Fight Club:5,Grown Ups:5,Jumper:2,The Dark Knight:5,Legally Blonde:2,Waterworld:5,Dirty Harry:5
User422,Legally Blonde:5,...and justice for all.:1,America's Sweethearts:3
User423,First Reformed:1,Just Married:3,Grave of the Fireflies:4,Waterworld:2,Sydney White:4,Miss Congeniality:2
User424,Indiana Jones and the Kingdom of the Crystal Skull:3,The Darjeeling Limited:5,We Were Soldiers:4,Blade Runner 2049:3
User425,Mercury Rising:3,The Royal Tenenbaums:1
User426,America's Sweethearts:1,War for the Planet of the Apes:4,Hart's War:2,Bird on a Wire:5
User427,Ride Along 2:2,To the Forest of Firefly Lights:1,Une intime conviction:3,Rambo:5,The Dark Knight:3
User428,Casino Royale:3,Johnny English Reborn:1
User429,Fargo:3,Taxi Driver:2,Fighting with My Family:1,2012:4,Miss Congeniality:1
User430,Legally Blonde:3,American Assassin:5,Ride Along 2:3,Johnny English Reborn:3,The Rock:3,Just Married:4,Face/Off:4
User431,Witness for the Prosecution:5,Vanilla Sky:4,Bird on a Wire:4,The Spy Who Dumped Me:1
User432,Message in a Bottle:4
User433,Dirty Grandpa:3,Indiana Jones and the Kingdom of the Crystal Skull:3,Argo:5
User434,The House That Jack Built:4,Safe House:1,The Social Network:1
User435,Rambo:5,RED 2:3,War for the Planet of the Apes:4
User436,Grave of the Fireflies:5,2012:4,The Darjeeling Limited:5
User437,Thunderball:3
User438,Moonraker:4,Bandits:3,Grown Ups:4,Bird on a Wire:2
User439,Fight Club:1
User440,Django Unchained:2,Pale Rider:4,Nerve:2,Iron Man 3:4,Allegiant:4
User441,West Side Story:1,The Royal Tenenbaums:3,Allegiant:4,RED 2:1,Witness for the Prosecution:3,Terms of Endearment:4
User442,West Side Story:1,The Gauntlet:5
User443,RoboCop 4:5,2012:5,Concussion:1,13 Hours:3,Gran Torino:2,The Rock:5
User444,Homefront:3,Charlie St. Cloud:3,The Dark Knight:1,Grave of the Fireflies:4,RoboCop 4:3,The Spy Who Dumped Me:4,Blade Runner 2049:4
User445,Stand by Me:4,Argo:4,Homefront:4,RED 2:5,The Place Beyond the Pines:3,Jumper:3,The House That Jack Built:2
User446,Joy:3,The Gauntlet:5,Thunderball:5
User447,Argo:1,Legally Blonde:1,Casino Royale:4,Witness for the Prosecution:1,Mamma Mia!:3
User448,The Dark Knight:5,The Prestige:5,The Gauntlet:1,Message in a Bottle:5,American Pie 2:1,The Amazing Spider-Man:1,RED 2:1
User449,The Prestige:4,The House That Jack Built:2,Thunderball:2,Johnny English Reborn:2
User450,Valhalla Rising:3,Troy:2,Taxi Driver:4,RoboCop 4:4,Waterworld:2,The Amazing Spider-Man:1
User451,We Were Soldiers:2,Con Air:4,War for the Planet of the Apes:3,Safe House:1
User452,Brokeback Mountain:2
User453,Jumper:2,RoboCop 4:2,Moonraker:2
User454,Fight Club:3,Knight and Day:5,City of God:2,Out of Africa:3,The Rock:3,The Girl in the Spider's Web:2,Terms of Endearment:2
User455,Out of Africa:3,Indiana Jones and the Kingdom of the Crystal Skull:4,City of God:4
User456,Message in a Bottle:3,Blade Runner 2049:1,To the Forest of Firefly Lights:5
User457,Waterworld:1
User458,Casino Royale:4,West Side Story:1,Joy:5,Miss Congeniality:5
User459,Pale Rider:3,Django Unchained:5,Dirty Grandpa:5
User460,Witness for the Prosecution:2,Legally Blonde:5,The Untouchables:1,Waterworld:5,Fighting with My Family:4
User461,Iron Man 3:1
User462,War for the Planet of the Apes:1,Mercury Rising:2,Hostel:5,Grown Ups:1,The Spy Who Dumped Me:5,Grave of the Fireflies:4,Witness for the Prosecution:5,Hart's War:5
User463,The Dark Knight:3,Terms of Endearment:1,Cliffhanger:2,Grown Ups:3
User464,Terms of Endearment:1
User465,Pale Rider:4
User466,The Darjeeling Limited:3
User467,The Untouchables:4,Hotel Artemis:4,Miss Congeniality:2
User468,The Hunger Games:3,Gandhi:2
User469,2012:1,Bandits:5,Valhalla Rising:2,City of God:5
User470,Johnny English Reborn:5,The House That Jack Built:5,First Reformed:4,The Royal Tenenbaums:4,Cliffhanger:1
User471,Mercury Rising:3,We Were Soldiers:5,Concussion:3,War for the Planet of the Apes:1,Grave of the Fireflies:1
User472,Terms of Endearment:5,American Pie 2:3,Witness for the Prosecution:1,War for the Planet of the Apes:5,The Dark Knight:4
User473,The Untouchables:2,Bill & Ted's Excellent Adventure:5,Nausicaä of the Valley of the Wind:1,The Royal Tenenbaums:4,The Spy Who Dumped Me:1,America's Sweethearts:5
User474,The Social Network:1
User475,First Reformed:2,The Prestige:3,Django Unchained:1,Nausicaä of the Valley of the Wind:4,Hotel Artemis:5
User476,The House That Jack Built:4,America's Sweethearts:3
User477,First Reformed:4,Fargo:1,Gandhi:3,2012:2,Con Air:4,The Place Beyond the Pines:5
User478,The House That Jack Built:1,Vanilla Sky:3,First Reformed:1,West Side Story:5,Out of Africa:1,The Hunger Games:5,The Spy Who Dumped Me:4
User479,The Prestige:5,The Spy Who Dumped Me:3,Homefront:3,Stand by Me:3,Wind River:4
User480,Argo:1
User481,Pale Rider:2
User482,The Royal Tenenbaums:4,Knight and Day:5,The Untouchables:3,Thunderball:5,American Assassin:1,Bird on a Wire:1,Sydney White:1,...and justice for all.:5
User483,Waterworld:5,Taxi Driver:4,RED 2:1,Nausicaä of the Valley of the Wind:3
User484,Witness for the Prosecution:4,Out of Africa:5,We Were Soldiers:2,Casino Royale:3,Johnny English Reborn:1,Blade Runner 2049:1
User485,The Rock:2,Jack the Giant Slayer:4,Brokeback Mountain:2
User486,Concussion:1
User487,Con Air:3
User488,Gran Torino:2,The Untouchables:1,Fargo:3,To the Forest of Firefly Lights:2,Fighting with My Family:4,The Place Beyond the Pines:3,Dirty Grandpa:3,Grown Ups:3
User489,Iron Man 3:4,Knight and Day:4,Sydney White:1
User490,Nausicaä of the Valley of the Wind:2,Johnny English Reborn:4,Valhalla Rising:2,Sydney White:2,The Basketball Diaries:3,Edge of Tomorrow:3,Jumper:3
User491,RoboCop 4:2,Legally Blonde:5,The Rock:2,Nerve:5,Dirty Harry:2,Homefront:1,Edge of Tomorrow:2,Bill & Ted's Excellent Adventure:2
User492,The Dark Knight:3,Taxi Driver:4,Une intime conviction:2,Ride Along 2:1,Bandits:5,Nerve:5,Rambo:1
User493,Bird on a Wire:1,Joy:5,Gran Torino:5,The Place Beyond the Pines:2,Pale Rider:1,Con Air:2
User494,War for the Planet of the Apes:5,Fargo:5,Concussion:5,Mercury Rising:4,Grave of the Fireflies:5,Sydney White:2,Charlie St. Cloud:4
User495,Stand by Me:1,Mercury Rising:4,Knight and Day:3,First Reformed:4,...and justice for all.:1
User496,Bandits:2,Brokeback Mountain:3,Taxi Driver:3,Thunderball:5,Jumper:4
User497,Indiana Jones and the Kingdom of the Crystal Skull:1,Dirty Harry:4,Nerve:2
User498,Message in a Bottle:5,American Pie 2:1
User499,The Mask of Zorro:3,Jack the Giant Slayer:4,Troy:3,The Dark Knight:1,...and justice for all.:2,Dirty Harry:4
User500,Wind River:1,Homefront:3,Fight Club:4,Argo:2,Bill & Ted's Excellent Adventure:3,RED 2:5,Blade Runner 2049:5,Iron Man 3:4
User501,Valhalla Rising:1
User502,Total Recall:5,Brokeback Mountain:4,The Royal Tenenbaums:1,Grown Ups:4,Rambo:3,Safe House:3
User503,Thunderball:3,Grave of the Fireflies:4,The Prestige:3,The Hangover Part II:2,City of God:1,Con Air:2,To the Forest of Firefly Lights:2
User504,Grown Ups:2,Strangers on a Train:1,Concussion:3,Moonraker:1,West Side Story:2,13 Hours:3
User505,Brokeback Mountain:3,Fight Club:3,Ordinary People:1,Jack the Giant Slayer:5
User506,Blade Runner 2049:5,Rambo:3,Une intime conviction:5,The Rock:5,Hotel Artemis:4
User507,The Mask of Zorro:5
User508,Blade Runner 2049:5,The Dark Knight:2,The Royal Tenenbaums:2,Fight Club:5,Troy:4
User509,Terms of Endearment:3,Safe House:2,Sydney White:2,City of God:3,Hostel:3,2012:4
User510,Iron Man 3:4,Fargo:4,War for the Planet of the Apes:5,Une intime conviction:5,Blade Runner 2049:3
User511,Allegiant:3,The Spy Who Dumped Me:4,13 Hours:4,Strangers on a Train:1,The Royal Tenenbaums:4,Miss Congeniality:1,Une intime conviction:3
User512,Ordinary People:3,Bandits:2,Just Married:5,Legally Blonde:4,...and justice for all.:4,Brokeback Mountain:2,Concussion:5
User513,The Rock:4,Charlie St. Cloud:1,Grave of the Fireflies:4,Total Recall:2
User514,Ordinary People:3,Stand by Me:3,Jumper:4,Bill & Ted's Excellent Adventure:4,Indiana Jones and the Kingdom of the Crystal Skull:5,Hotel Rwanda:3
User515,West Side Story:1,The Untouchables:1,Mamma Mia!:4,Pale Rider:2,The Mask of Zorro:3,The Girl in the Spider's Web:4,Jumper:5,The Prestige:4
User516,Gandhi:4
User517,Cliffhanger:3,Witness for the Prosecution:4,Strangers on a Train:4,Sherlock Holmes:5,Edge of Tomorrow:1,Bandits:1,Sydney White:3
User518,The Rock:3
User519,Waterworld:3,The Amazing Spider-Man:1,America's Sweethearts:1,City of God:1,Allegiant:5
User520,Allegiant:3,Taxi Driver:4,Hotel Rwanda:2,Fight Club:3
User521,Johnny English Reborn:3,Edge of Tomorrow:1,Message in a Bottle:2,Moonraker:1,The Dark Knight:4,Hotel Rwanda:5,War for the Planet of the Apes:1,Concussion:2
User522,Johnny English Reborn:1,The Darjeeling Limited:3,Iron Man 3:2,Allegiant:5,Hostel:2,13 Hours:5,Django Unchained:2
User523,2012:3,Indiana Jones and the Kingdom of the Crystal Skull:2,Hart's War:5,...and justice for all.:1,Iron Man 3:1
User524,War for the Planet of the Apes:4,...and justice for all.:5
User525,Hart's War:1,Django Unchained:4
User526,Thunderball:2,The Girl in the Spider's Web:5
User527,American Pie 2:4,The Darjeeling Limited:5,The Place Beyond the Pines:4,Bill & Ted's Excellent Adventure:5,Django Unchained:5,Pale Rider:1,We Were Soldiers:2
User528,Mercury Rising:4,Bill & Ted's Excellent Adventure:4,Gran Torino:1
User529,Total Recall:1,First Reformed:4,Message in a Bottle:2,Hart's War:2,Sherlock Holmes:2
User530,The Darjeeling Limited:1,Brokeback Mountain:2,First Reformed:2
User531,The Spy Who Dumped Me:1,Hart's War:3,Laurel Canyon:2,Brokeback Mountain:4
User532,Blade Runner 2049:1
User533,The Social Network:3,Moonraker:2,Brokeback Mountain:5,RED 2:2
User534,Strangers on a Train:1,Iron Man 3:4,First Reformed:1
User535,The Basketball Diaries:5,The Gauntlet:2,The Royal Tenenbaums:3,The Mask of Zorro:4,The Spy Who Dumped Me:2,Iron Man 2:5
User536,The Girl in the Spider's Web:5,First Reformed:1,Total Recall:2,13 Hours:1
User537,The Place Beyond the Pines:1,Casino Royale:4,The Rock:4,Moonraker:2,Jumper:2,The Girl in the Spider's Web:4
User538,Hostel:3,City of God:5
User539,City of God:5,Wind River:3,Ordinary People:5,Johnny English Reborn:2,Waterworld:2,The Rock:5
User540,Nausicaä of the Valley of the Wind:4,Out of Africa:3,City of God:1,The Social Network:3
User541,The Basketball Diaries:1,Fight Club:2,Sydney White:3,Valhalla Rising:1,Hotel Rwanda:2
User542,Fargo:4,Iron Man 3:1,Brokeback Mountain:3,The Untouchables:2,Jumper:5,Mercury Rising:1
User543,War for the Planet of the Apes:5,Legally Blonde:3,Iron Man 3:3,Con Air:1,Witness for the Prosecution:2,Laurel Canyon:4,Total Recall:2,Fighting with My Family:2
User544,Fight Club:1,Grown Ups:3,The Amazing Spider-Man:2,Miss Congeniality:1,Nausicaä of the Valley of the Wind:5
User545,Indiana Jones and the Kingdom of the Crystal Skull:1,Iron Man 2:1,The House That Jack Built:3,2012:4,Allegiant:5
User546,Valhalla Rising:3,Rambo:4,Grave of the Fireflies:2,Sherlock Holmes:1,Dirty Grandpa:1,Just Married:5,Message in a Bottle:4,Troy:1
User547,Witness for the Prosecution:3,Ordinary People:5,American Assassin:2,Blade Runner 2049:2,Brokeback Mountain:2,Terms of Endearment:4
User548,Fargo:1
User549,Vanilla Sky:4,The Rock:3,...and justice for all.:4,Witness for the Prosecution:3,Gran Torino:4,Homefront:5,Knight and Day:1,Nerve:4
User550,Nerve:1,The Darjeeling Limited:4,War for the Planet of the Apes:1,Just Married:5,2012:4,RED 2:4,Casino Royale:4,The House That Jack Built:1
User551,Une intime conviction:2
User552,Waterworld:1
User553,Con Air:1,Strangers on a Train:4,Pale Rider:4,Charlie St. Cloud:5,Bandits:2,Mamma Mia!:5,Argo:3
User554,The Royal Tenenbaums:2,The Girl in the Spider's Web:3,The Dark Knight:1
User555,Casino Royale:1,Witness for the Prosecution:2,The Hunger Games:4,American Pie 2:5,Brokeback Mountain:2,The Dark Knight:4
User556,Hotel Rwanda:1,Nausicaä of the Valley of the Wind:1,Laurel Canyon:5,The Hangover Part II:4,Fighting with My Family:1
User557,Cliffhanger:3,Terms of Endearment:1,The Basketball Diaries:5
User558,Iron Man 2:2,Homefront:4
User559,Thunderball:1,Brokeback Mountain:1,Strangers on a Train:3,Hotel Artemis:2,First Reformed:3,The Social Network:4,Rambo:2,The Hunger Games:1
User560,The Hangover Part II:1,The Dark Knight:4,Legally Blonde:2
User561,Waterworld:5,Message in a Bottle:1,RoboCop 4:5
User562,The Royal Tenenbaums:5
User563,2012:5,Pale Rider:5,Message in a Bottle:2,The Amazing Spider-Man:1,Mamma Mia!:1
User564,Argo:4,13 Hours:3,Sherlock Holmes:4,Fargo:2
User565,RED 2:2,Dirty Harry:5,Fargo:2,West Side Story:1,Valhalla Rising:3
User566,Allegiant:4,Nerve:4,Miss Congeniality:3,The Place Beyond the Pines:3,The Hunger Games:3,The Royal Tenenbaums:3
User567,Homefront:3,The Social Network:2
User568,Stand by Me:3
User569,Mercury Rising:3,Fight Club:5,The Social Network:3,Ordinary People:5,Grave of the Fireflies:4,Bandits:1,First Reformed:4,Jumper:3
User570,Legally Blonde:2,To the Forest of Firefly Lights:4,Indiana Jones and the Kingdom of the Crystal Skull:5
User571,Jack the Giant Slayer:5,The Prestige:4,Indiana Jones and the Kingdom of the Crystal Skull:5,Bill & Ted's Excellent Adventure:1,...and justice for all.:1
User572,Indiana Jones and the Kingdom of the Crystal Skull:4
User573,The Untouchables:2,Valhalla Rising:4,American Pie 2:2,The Girl in the Spider's Web:4,13 Hours:1,To the Forest of Firefly Lights:1,Nausicaä of the Valley of the Wind:2,Taxi Driver:5
User574,America's Sweethearts:5,The Hunger Games:1,To the Forest of Firefly Lights:3,The Basketball Diaries:1,Just Married:2,The Prestige:2,The Place Beyond the Pines:4
User575,West Side Story:1,Jack the Giant Slayer:1,13 Hours:3
User576,The Mask of Zorro:2,...and justice for all.:2,Miss Congeniality:1,The Dark Knight:4
User577,Fargo:4
User578,Sydney White:5,Con Air:1,Hart's War:5,Allegiant:2,Concussion:2
User579,Mercury Rising:4,Gandhi:4,Iron Man 2:2,...and justice for all.:1
User580,Hotel Rwanda:3,Con Air:3,Concussion:5,Rambo:5,Laurel Canyon:1,The Gauntlet:1,Joy:4,Bill & Ted's Excellent Adventure:1
User581,Gran Torino:3,Just Married:5,Fighting with My Family:3,Gandhi:2,Safe House:1,First Reformed:4
User582,Concussion:2,Grave of the Fireflies:1,...and justice for all.:5,Sherlock Holmes:4,Knight and Day:1,West Side Story:4,The Hunger Games:3,2012:4
User583,Charlie St. Cloud:4,Indiana Jones and the Kingdom of the Crystal Skull:3,Hotel Artemis:5,Fargo:2,Laurel Canyon:2,The Place Beyond the Pines:4,Gandhi:5
User584,Bandits:4,Ride Along 2:1,Legally Blonde:5,Joy:3,Message in a Bottle:2,Dirty Harry:3
User585,Bill & Ted's Excellent Adventure:1
User586,Charlie St. Cloud:3,Wind River:3,Grown Ups:4
User587,The Hangover Part II:4,To the Forest of Firefly Lights:5,...and justice for all.:2,City of God:1,Nausicaä of the Valley of the Wind:4,Rambo:2,The Rock:3,Joy:4
User588,Thunderball:4,Hart's War:2,Valhalla Rising:3,Laurel Canyon:1,Knight and Day:1,Ride Along 2:2,RoboCop 4:2
User589,The Hangover Part II:4
User590,Django Unchained:1,Edge of Tomorrow:2,Fargo:1
User591,RoboCop 4:4,Nerve:1,America's Sweethearts:3
User592,Joy:2,Indiana Jones and the Kingdom of the Crystal Skull:5,Argo:1
User593,Hotel Artemis:1
User594,Iron Man 2:2,Fargo:2,The Basketball Diaries:1,Bill & Ted's Excellent Adventure:4
User595,The Hunger Games:4,Stand by Me:4,The Mask of Zorro:3,Charlie St. Cloud:3,RED 2:4,2012:5,Johnny English Reborn:5
User596,Fighting with My Family:2,Bill & Ted's Excellent Adventure:5,Total Recall:5,Sherlock Holmes:4,Mamma Mia!:1,Mercury Rising:5
User597,Argo:2,Rambo:4,West Side Story:2
User598,Troy:4,The Dead Pool:1,To the Forest of Firefly Lights:4
User599,Allegiant:1,Dirty Grandpa:4,Hostel:4,The Basketball Diaries:3
User600,Joy:3,The Hunger Games:3
User601,2012:4,Sydney White:2,Face/Off:3,Total Recall:3,American Pie 2:1
User602,The Gauntlet:2,Iron Man 3:3,Nerve:4,To the Forest of Firefly Lights:5,Concussion:1
User603,The Darjeeling Limited:3,Cliffhanger:1,Out of Africa:2,Gandhi:3,Ordinary People:5,To the Forest of Firefly Lights:1
User604,Mamma Mia!:4
User605,Brokeback Mountain:1,Fight Club:4,Une intime conviction:1,Blade Runner 2049:3,The Spy Who Dumped Me:4
User606,Stand by Me:1,Hostel:2,The Untouchables:3,West Side Story:4,Hotel Artemis:1,Gandhi:4,We Were Soldiers:4
User607,Fargo:4,War for the Planet of the Apes:2,Just Married:1
User608,Ride Along 2:3
User609,Django Unchained:3,Strangers on a Train:5,Knight and Day:3,Valhalla Rising:4
User610,Legally Blonde:4,Face/Off:2,Une intime conviction:3
User611,Sherlock Holmes:5,Stand by Me:4,Legally Blonde:3,The Gauntlet:2
User612,The Amazing Spider-Man:5,The Hangover Part II:3,Indiana Jones and the Kingdom of the Crystal Skull:4,RoboCop 4:2,Sydney White:1
User613,City of God:3,The Spy Who Dumped Me:4,Witness for the Prosecution:1,Wind River:2,Bandits:4
User614,Hostel:1,Hotel Rwanda:4,Just Married:4,Charlie St. Cloud:3,Hotel Artemis:4,West Side Story:1
User615,Grave of the Fireflies:5,Fight Club:3
User616,Brokeback Mountain:5,Indiana Jones and the Kingdom of the Crystal Skull:3,Fargo:4,Charlie St. Cloud:5,Message in a Bottle:4,The Dead Pool:3,Gran Torino:2,Terms of Endearment:5
User617,Knight and Day:1,Thunderball:4
User618,Indiana Jones and the Kingdom of the Crystal Skull:4
User619,The Hunger Games:3,Valhalla Rising:5,Jumper:4,Rambo:1
User620,American Pie 2:5
User621,Edge of Tomorrow:1,We Were Soldiers:1,Nausicaä of the Valley of the Wind:5,The Spy Who Dumped Me:5,Terms of Endearment:3,The Dark Knight:5
User622,Ride Along 2:3,RoboCop 4:3,Sherlock Holmes:3,The Spy Who Dumped Me:1,Casino Royale:5,Iron Man 3:3,To the Forest of Firefly Lights:1,2012:4
User623,Edge of Tomorrow:3
User624,Ride Along 2:1,To the Forest of Firefly Lights:1,Hostel:5
User625,13 Hours:1,The Darjeeling Limited:3,Hotel Rwanda:4,Gran Torino:3,Casino Royale:4,Taxi Driver:1
User626,Hotel Artemis:5,Valhalla Rising:1,Jumper:3,Taxi Driver:5,The House That Jack Built:5,Hotel Rwanda:1,To the Forest of Firefly Lights:3,2012:3
User627,Terms of Endearment:1,The Place Beyond the Pines:4,The Hunger Games:2,Hart's War:4,Just Married:3,Blade Runner 2049:3,The Spy Who Dumped Me:5,Fargo:2
User628,Face/Off:3,The Hangover Part II:2,Nausicaä of the Valley of the Wind:4,Taxi Driver:4,Gandhi:5,Johnny English Reborn:2
User629,The Darjeeling Limited:3,Johnny English Reborn:2,Grave of the Fireflies:3,Legally Blonde:1
User630,The House That Jack Built:1,Edge of Tomorrow:3
User631,West Side Story:5,Nerve:2,The Rock:2,American Assassin:4
User632,Rambo:1,Allegiant:3,Jack the Giant Slayer:2,Terms of Endearment:2,The Mask of Zorro:5
User633,Ordinary People:3
User634,West Side Story:5,Cliffhanger:2,Une intime conviction:5,Just Married:4,Laurel Canyon:4,13 Hours:5,The Royal Tenenbaums:4,Hart's War:2
User635,Jack the Giant Slayer:2,The Mask of Zorro:3,Jumper:2,Une intime conviction:4,The House That Jack Built:2,The Rock:1,Stand by Me:4
User636,Fargo:2,American Pie 2:5
User637,Knight and Day:4,Hart's War:3,Moonraker:5,Grown Ups:5,Bandits:5,Cliffhanger:1
User638,First Reformed:1
User639,Blade Runner 2049:1,Troy:5,13 Hours:4,The Place Beyond the Pines:5,Gran Torino:1
User640,Allegiant:4
User641,Moonraker:3,Total Recall:3,Blade Runner 2049:4,Legally Blonde:2,Out of Africa:1,Jumper:1
User642,Hotel Artemis:4,Dirty Grandpa:2,War for the Planet of the Apes:5,The Hangover Part II:2,Indiana Jones and the Kingdom of the Crystal Skull:4,Bill & Ted's Excellent Adventure:1,Hostel:1,Concussion:5
User643,Rambo:1,First Reformed:2
User644,The Spy Who Dumped Me:3,The Darjeeling Limited:2,Gran Torino:5,The Gauntlet:5,We Were Soldiers:3,American Assassin:1
User645,Bill & Ted's Excellent Adventure:4,Ordinary People:3
User646,The Mask of Zorro:1,The Dead Pool:5,Jumper:1
User647,Stand by Me:1,Sydney White:2,West Side Story:4,Casino Royale:3
User648,Miss Congeniality:3
User649,2012:3,The Girl in the Spider's Web:2,Legally Blonde:2,Message in a Bottle:2,We Were Soldiers:3
User650,Fight Club:4,Moonraker:2,Iron Man 3:1,Safe House:1,Joy:3,Allegiant:2,Concussion:2,The Girl in the Spider's Web:1
User651,Charlie St. Cloud:3,Moonraker:3,Thunderball:5,Terms of Endearment:4,Brokeback Mountain:4,American Assassin:2,The Darjeeling Limited:5,Joy:5
User652,Grown Ups:1,Face/Off:5,Rambo:1
User653,Nausicaä of the Valley of the Wind:1,War for the Planet of the Apes:2,Hotel Rwanda:4,Cliffhanger:2
User654,Out of Africa:2,Laurel Canyon:2,Nerve:5,Iron Man 2:4,Safe House:5
User655,Cliffhanger:4
User656,13 Hours:4,Johnny English Reborn:5
User657,Jumper:1,The Dead Pool:4
User658,The House That Jack Built:4,Pale Rider:4,Joy:4,Terms of Endearment:3,Knight and Day:3
User659,The Dark Knight:3
User660,Valhalla Rising:2,The Darjeeling Limited:4,We Were Soldiers:4,Bill & Ted's Excellent Adventure:1,Pale Rider:1
User661,Nausicaä of the Valley of the Wind:5,City of God:4,Wind River:5,Iron Man 3:4,Bird on a Wire:2,Terms of Endearment:3,Joy:2,Ride Along 2:3
User662,Iron Man 2:3,...and justice for all.:5,The Basketball Diaries:2,Johnny English Reborn:3,The Darjeeling Limited:1,Mamma Mia!:5,Dirty Grandpa:3
User663,Grave of the Fireflies:1,The Girl in the Spider's Web:1,Jumper:1
User664,Taxi Driver:5
User665,Knight and Day:5,Dirty Harry:2
User666,American Pie 2:1,Troy:1,Hotel Rwanda:3,The Hangover Part II:5
User667,The Amazing Spider-Man:2,Valhalla Rising:5,Hotel Artemis:3,American Assassin:5
User668,Valhalla Rising:5,Grown Ups:2,Sydney White:4,Gandhi:4,Con Air:5,The Social Network:3
User669,Moonraker:1
User670,Valhalla Rising:4
User671,Django Unchained:3,Sherlock Holmes:5,Blade Runner 2049:3,The Amazing Spider-Man:2,America's Sweethearts:1
User672,Grown Ups:5,Face/Off:2,Ordinary People:1,Bill & Ted's Excellent Adventure:5,RED 2:3
User673,Iron Man 3:3,Hotel Artemis:1,City of God:4,The Hunger Games:2
User674,Sherlock Holmes:3,Strangers on a Train:4
User675,The Rock:5
User676,Sherlock Holmes:2,The Dark Knight:5,Joy:4,Troy:1,The Spy Who Dumped Me:3,Mercury Rising:5,Vanilla Sky:1
User677,To the Forest of Firefly Lights:3,Blade Runner 2049:5,13 Hours:5
User678,Homefront:3,First Reformed:1
User679,Face/Off:4,Taxi Driver:3,Hotel Artemis:3
User680,Witness for the Prosecution:5,Hotel Rwanda:2,Bandits:1
User681,West Side Story:4,Stand by Me:2,War for the Planet of the Apes:1,Taxi Driver:1,Ride Along 2:3
User682,Troy:3,Ordinary People:3,Dirty Grandpa:2
User683,Jumper:1
User684,The Place Beyond the Pines:4,The Royal Tenenbaums:4
User685,Bandits:4,Mercury Rising:4,Stand by Me:1,The Mask of Zorro:2,To the Forest of Firefly Lights:5,The Hunger Games:1,Indiana Jones and the Kingdom of the Crystal Skull:1
User686,Brokeback Mountain:4,The Gauntlet:5,The Royal Tenenbaums:1
User687,Legally Blonde:1,Out of Africa:5
User688,Mamma Mia!:2,RoboCop 4:2,Legally Blonde:4,West Side Story:5
User689,Jumper:1,Mamma Mia!:5
User690,Nausicaä of the Valley of the Wind:2,Vanilla Sky:3,The Rock:5,War for the Planet of the Apes:1,Hostel:4,Gandhi:4,RoboCop 4:4
User691,Argo:2,Thunderball:3
User692,Knight and Day:1,American Pie 2:4,Bandits:4
User693,The Social Network:3,The Prestige:4,Sherlock Holmes:3,Taxi Driver:4,Johnny English Reborn:1,Stand by Me:1,Jack the Giant Slayer:2
User694,Thunderball:2
User695,Valhalla Rising:3,The Rock:2,Face/Off:5,Thunderball:5,The Amazing Spider-Man:1,Stand by Me:3,Cliffhanger:5
User696,To the Forest of Firefly Lights:5,American Pie 2:1,Vanilla Sky:5
User697,The House That Jack Built:3,The Untouchables:2,Iron Man 2:5,The Rock:1,Django Unchained:1,Sydney White:3
User698,Iron Man 2:1
User699,Witness for the Prosecution:3
User700,The Untouchables:2,13 Hours:3,2012:5,First Reformed:2
User701,Bird on a Wire:1
User702,Joy:2
User703,Stand by Me:1,...and justice for all.:5,The Mask of Zorro:2
User704,Iron Man 3:3,Grown Ups:5,Django Unchained:5,Just Married:2
User705,Ride Along 2:1,Iron Man 2:4
User706,Troy:3,Brokeback Mountain:4,The Social Network:3,Total Recall:2,RoboCop 4:2,Hart's War:1,Gran Torino:1,Vanilla Sky:1
User707,The Rock:3,Nerve:5,Hostel:1,Legally Blonde:2,Allegiant:2,Django Unchained:3,The Social Network:2
User708,Bird on a Wire:3,Ordinary People:4,American Assassin:2,Indiana Jones and the Kingdom of the Crystal Skull:5,City of God:2,Miss Congeniality:4,Knight and Day:4,Django Unchained:4
User709,The Spy Who Dumped Me:1,Face/Off:3,Sydney White:3,RED 2:4,Waterworld:5,Out of Africa:1,The Rock:5,Django Unchained:1
User710,The Mask of Zorro:3,Ordinary People:4,Allegiant:3,Bill & Ted's Excellent Adventure:4,America's Sweethearts:1,Hart's War:2,The Place Beyond the Pines:2
User711,Hotel Artemis:5,Iron Man 2:3,Nerve:1,Blade Runner 2049:1,Ride Along 2:5,Grown Ups:4
User712,Grown Ups:1
User713,The Darjeeling Limited:1,Jumper:1,Message in a Bottle:5,Charlie St. Cloud:5,Rambo:4,Bandits:2
User714,The Untouchables:1,Thunderball:1,Sydney White:2,Hotel Rwanda:1,America's Sweethearts:5
User715,The Dead Pool:3
User716,Miss Congeniality:3
User717,Hotel Artemis:5,Cliffhanger:4
User718,Face/Off:4,Charlie St. Cloud:5,Casino Royale:1,The Dark Knight:4,Stand by Me:2,Strangers on a Train:4,American Assassin:3
User719,Allegiant:4,The Basketball Diaries:2,Hostel:4,Out of Africa:2,Face/Off:4,The Hangover Part II:1,Mercury Rising:3,Concussion:2
User720,Miss Congeniality:5,Blade Runner 2049:4,Nausicaä of the Valley of the Wind:3,Wind River:1,Legally Blonde:3
User721,Con Air:2
User722,Strangers on a Train:4,Iron Man 2:5
User723,We Were Soldiers:4,Nausicaä of the Valley of the Wind:2
User724,Dirty Grandpa:1,Hotel Artemis:5,Thunderball:1,Grown Ups:5
User725,The Untouchables:4,The Hunger Games:2
User726,Fargo:3,Hart's War:4,Gran Torino:5,City of God:1,The Gauntlet:3,Just Married:2
User727,Terms of Endearment:5,Rambo:2
User728,Fighting with My Family:5,The Untouchables:1,The Amazing Spider-Man:3,The Place Beyond the Pines:4,Mamma Mia!:3,Iron Man 2:4,Blade Runner 2049:2,Vanilla Sky:2
User729,Hotel Artemis:3,RED 2:5,Ordinary People:5,Brokeback Mountain:1,Message in a Bottle:1
User730,Just Married:4,Joy:1,Miss Congeniality:2,Hotel Artemis:2
User731,Une intime conviction:1,War for the Planet of the Apes:1,Ride Along 2:2,Jumper:5,Bill & Ted's Excellent Adventure:3,The Place Beyond the Pines:4,Vanilla Sky:3,The Untouchables:3
User732,Grown Ups:4,The Place Beyond the Pines:4,The Social Network:1,The House That Jack Built:3
User733,Rambo:3,Indiana Jones and the Kingdom of the Crystal Skull:1,...and justice for all.:3,Just Married:1,The Royal Tenenbaums:4,The Place Beyond the Pines:5,Troy:5
User734,Miss Congeniality:3,The Basketball Diaries:2
User735,Django Unchained:1,Nerve:1
User736,Joy:3,Witness for the Prosecution:1
User737,The Prestige:1,2012:3
User738,Hotel Rwanda:4,The Royal Tenenbaums:1,Hostel:3,The Dark Knight:4,Brokeback Mountain:4,The Gauntlet:4,The Dead Pool:4
User739,Taxi Driver:4,Hostel:2,The Spy Who Dumped Me:1,Argo:4,The Prestige:2,Iron Man 3:5,Face/Off:5,RoboCop 4:3
User740,Grave of the Fireflies:4,Hart's War:2
User741,First Reformed:3,Nerve:1,Une intime conviction:3,City of God:4
User742,Pale Rider:4,Hostel:2,Fight Club:3,Wind River:4
User743,Hostel:3,The Dark Knight:5,The Social Network:4,Just Married:2,Nerve:2
User744,Troy:2,Valhalla Rising:5,Nausicaä of the Valley of the Wind:3,Sherlock Holmes:2,The Prestige:3,Ordinary People:5,The Spy Who Dumped Me:4,Strangers on a Train:1
User745,Troy:5,Ride Along 2:5,The Mask of Zorro:3
User746,Une intime conviction:1,Terms of Endearment:5,Nerve:3,Out of Africa:5,Dirty Grandpa:3,War for the Planet of the Apes:4,Face/Off:3,Dirty Harry:3
User747,Mercury Rising:4,First Reformed:5
User748,Cliffhanger:2
User749,We Were Soldiers:1,Sydney White:2,West Side Story:1,The Girl in the Spider's Web:1
User750,Gandhi:3,Casino Royale:3,Rambo:2,Safe House:1
User751,Sherlock Holmes:1,Hostel:3,Gran Torino:2,Bandits:4,Waterworld:2
User752,RoboCop 4:2
User753,Grave of the Fireflies:3,Out of Africa:2,Vanilla Sky:5,The Mask of Zorro:1,Laurel Canyon:4,Valhalla Rising:4,The House That Jack Built:3
User754,Hostel:2,Taxi Driver:3,Grown Ups:4
User755,Hotel Artemis:1,Valhalla Rising:2,The Hangover Part II:4,Con Air:1,Iron Man 3:2
User756,Sydney White:1,The Prestige:3,Jack the Giant Slayer:1,Hotel Rwanda:1,RED 2:4,To the Forest of Firefly Lights:3,American Assassin:4,...and justice for all.:4
User757,Ordinary People:5,Moonraker:5,The Dead Pool:4,Jack the Giant Slayer:5,The Royal Tenenbaums:2
User758,Jack the Giant Slayer:2
User759,Hotel Artemis:4,American Pie 2:4,Hostel:3,Stand by Me:4,Homefront:4,Cliffhanger:4,Valhalla Rising:1,Troy:3
User760,Safe House:1,...and justice for all.:1,Waterworld:5,Laurel Canyon:2,Just Married:4,Hart's War:1,War for the Planet of the Apes:1,Gandhi:3
User761,Terms of Endearment:2,America's Sweethearts:2,Grave of the Fireflies:1,Waterworld:3,The Royal Tenenbaums:2
User762,The Amazing Spider-Man:5,War for the Planet of the Apes:4,Homefront:5
User763,Terms of Endearment:5
User764,Hotel Rwanda:1,Iron Man 3:4,The Social Network:3,Brokeback Mountain:3
User765,The Royal Tenenbaums:2,Fight Club:2,Gandhi:5
User766,America's Sweethearts:2,Just Married:2,Bill & Ted's Excellent Adventure:3,Iron Man 3:1,Iron Man 2:4
User767,The Dead Pool:3
User768,The Prestige:4,Une intime conviction:5,Moonraker:3,Gran Torino:5
User769,The Girl in the Spider's Web:4,Homefront:1,Django Unchained:4,Miss Congeniality:3,Hotel Artemis:5,RoboCop 4:2
User770,Fargo:1,Allegiant:5,The Dead Pool:4,The Hunger Games:5,Mercury Rising:1,The Amazing Spider-Man:2,Django Unchained:2,13 Hours:3
User771,Blade Runner 2049:1
User772,The Untouchables:2,Blade Runner 2049:3,Stand by Me:4,Dirty Grandpa:4,Allegiant:3
User773,Just Married:2,Rambo:3,The Mask of Zorro:3
User774,Legally Blonde:4,Just Married:4,City of God:5,Sherlock Holmes:5,Iron Man 2:5,Witness for the Prosecution:4
User775,To the Forest of Firefly Lights:4
User776,Bird on a Wire:5,RED 2:2,Dirty Harry:4,The House That Jack Built:1,Jack the Giant Slayer:3,Rambo:3
User777,Jack the Giant Slayer:1,Witness for the Prosecution:1,The Rock:5,Concussion:1,American Pie 2:3,Jumper:4
User778,Out of Africa:4,Concussion:5,Hotel Artemis:2,Valhalla Rising:4
User779,Mamma Mia!:1,The Dead Pool:2,Fight Club:1
User780,Homefront:5,The Dead Pool:5,Taxi Driver:5
User781,Grown Ups:1,Mamma Mia!:5,Moonraker:3
User782,Edge of Tomorrow:1,The Hunger Games:4,The Amazing Spider-Man:2,American Pie 2:4
User783,2012:5,Ordinary People:5
User784,Jumper:4,Taxi Driver:5,Knight and Day:3,The House That Jack Built:1,Nerve:3,Dirty Grandpa:5,Concussion:1
User785,The Girl in the Spider's Web:1,Django Unchained:1
User786,The Hunger Games:1,Con Air:5
User787,The Mask of Zorro:2,Allegiant:4
User788,The Rock:2,The Amazing Spider-Man:3,Sherlock Holmes:2,The Place Beyond the Pines:3
User789,Gandhi:3,Just Married:2,The Hangover Part II:4,The Royal Tenenbaums:1,Brokeback Mountain:3
User790,Ordinary People:4,The Gauntlet:5,Joy:2
User791,Argo:1
User792,Pale Rider:2,Dirty Harry:5,Total Recall:2,The Hunger Games:4
User793,Mamma Mia!:2,The Dead Pool:2,America's Sweethearts:2
User794,The Darjeeling Limited:2,West Side Story:4,The Place Beyond the Pines:4,Edge of Tomorrow:4,Valhalla Rising:1
User795,Fargo:3,Mercury Rising:2,Gandhi:3,Sherlock Holmes:4,The Spy Who Dumped Me:4,Fight Club:1,Hart's War:2,Grave of the Fireflies:5
User796,Face/Off:3,First Reformed:4,To the Forest of Firefly Lights:1,Iron Man 3:5
User797,Jack the Giant Slayer:3,Sydney White:4,Hart's War:5,To the Forest of Firefly Lights:2
User798,Laurel Canyon:3,Hotel Artemis:1,Hotel Rwanda:1,Knight and Day:2,Sydney White:2,13 Hours:3
User799,Sydney White:3,Sherlock Holmes:5,Safe House:4,Edge of Tomorrow:3
User800,Con Air:3,Pale Rider:4,The Spy Who Dumped Me:5,The Gauntlet:3,The Royal Tenenbaums:2,Cliffhanger:2
User801,Terms of Endearment:4,Une intime conviction:4,The Place Beyond the Pines:4,Out of Africa:2,13 Hours:3,Sherlock Holmes:4
User802,Bill & Ted's Excellent Adventure:2,The Gauntlet:5,Troy:1
User803,Bandits:5,RoboCop 4:5,Knight and Day:4,Troy:3,Allegiant:4,13 Hours:5,Pale Rider:5
User804,To the Forest of Firefly Lights:2,Ride Along 2:5,The Prestige:2,The House That Jack Built:5,Concussion:1,First Reformed:1,West Side Story:3,The Darjeeling Limited:5
User805,Grown Ups:5,Jumper:4,Ordinary People:4,Out of Africa:1,The Place Beyond the Pines:4,The Gauntlet:5
User806,Mamma Mia!:1,The Social Network:2,Witness for the Prosecution:5,The Dark Knight:3,Gandhi:5,The Rock:3,Dirty Grandpa:1,Homefront:5
User807,The Royal Tenenbaums:3,2012:5,Cliffhanger:1,Safe House:4,The Social Network:1
User808,Ride Along 2:2,Pale Rider:5,West Side Story:1
User809,Out of Africa:1,Miss Congeniality:4,Con Air:3,We Were Soldiers:5,The Royal Tenenbaums:5,Casino Royale:5,Django Unchained:5,Blade Runner 2049:1
User810,Johnny English Reborn:5,Total Recall:3,Gran Torino:3,Hostel:4,American Assassin:3,RoboCop 4:4,Fargo:1,The Royal Tenenbaums:1
User811,The Place Beyond the Pines:4,Pale Rider:3
User812,Une intime conviction:4,Allegiant:1,Laurel Canyon:4,Hotel Rwanda:2,First Reformed:2,Mercury Rising:1,Bill & Ted's Excellent Adventure:2,Charlie St. Cloud:2
User813,The Dead Pool:5,The Social Network:5,Terms of Endearment:4,Sherlock Holmes:4
User814,Moonraker:2
User815,The House That Jack Built:1,Ordinary People:5,Allegiant:4,The Royal Tenenbaums:2,Grave of the Fireflies:3,Une intime conviction:2
User816,Ordinary People:5
User817,The Amazing Spider-Man:2
User818,Hart's War:1,The Girl in the Spider's Web:3,Jumper:4,We Were Soldiers:5,Message in a Bottle:5
User819,Edge of Tomorrow:1,Waterworld:5
User820,We Were Soldiers:1,West Side Story:1,Indiana Jones and the Kingdom of the Crystal Skull:2,Hotel Artemis:5,Charlie St. Cloud:1
User821,Une intime conviction:4
User822,Con Air:4,RoboCop 4:5,Cliffhanger:5,To the Forest of Firefly Lights:1,Iron Man 3:4,Blade Runner 2049:3,The Royal Tenenbaums:1
User823,Ordinary People:1
User824,Con Air:1
User825,Iron Man 3:5,The Amazing Spider-Man:4,Witness for the Prosecution:1,Charlie St. Cloud:3
User826,The Dead Pool:2
User827,Vanilla Sky:1,2012:1
User828,First Reformed:5,Grave of the Fireflies:2,Indiana Jones and the Kingdom of the Crystal Skull:2,Nausicaä of the Valley of the Wind:3
User829,Grave of the Fireflies:5,Hotel Artemis:3,Fighting with My Family:3,Bandits:3,Concussion:4
User830,Moonraker:5,RoboCop 4:3,Pale Rider:2,Johnny English Reborn:1,Dirty Grandpa:4,First Reformed:4,Sherlock Holmes:3,13 Hours:4
User831,The Prestige:5
User832,The Basketball Diaries:2,Casino Royale:3,Troy:5,The Hunger Games:5,The Prestige:3,Legally Blonde:4,We Were Soldiers:1
User833,Edge of Tomorrow:3,The Mask of Zorro:5,The House That Jack Built:2,Bandits:2,The Amazing Spider-Man:1,American Pie 2:5
User834,Grown Ups:5,First Reformed:3,Just Married:4
User835,War for the Planet of the Apes:5,The Dark Knight:1,City of God:4,Out of Africa:1,Valhalla Rising:5,Troy:5,Face/Off:3
User836,Hotel Artemis:1,The Untouchables:1,Nerve:5
User837,Taxi Driver:3,Stand by Me:3,Sherlock Holmes:5,Indiana Jones and the Kingdom of the Crystal Skull:5
User838,Hart's War:2,Fight Club:3,The Hunger Games:2,Brokeback Mountain:4,Allegiant:4,Hotel Artemis:4,Blade Runner 2049:4,Iron Man 2:1
User839,The Place Beyond the Pines:4
User840,Thunderball:4,Bandits:1,Grown Ups:3,...and justice for all.:2,Valhalla Rising:1,Just Married:5
User841,Taxi Driver:4,Knight and Day:1,The Spy Who Dumped Me:2,Safe House:2,Casino Royale:1,RED 2:3,The Untouchables:3,Just Married:1
User842,The Untouchables:5,The Basketball Diaries:4,American Pie 2:4,Nausicaä of the Valley of the Wind:1
User843,Gran Torino:5,Just Married:4,Cliffhanger:5,We Were Soldiers:4,The Girl in the Spider's Web:5,The Basketball Diaries:5
User844,Iron Man 3:3,The Darjeeling Limited:5,Indiana Jones and the Kingdom of the Crystal Skull:4,The Untouchables:4,Nausicaä of the Valley of the Wind:5,Stand by Me:1,Troy:5
User845,Troy:3,Hotel Artemis:2,Con Air:2,Gandhi:4
User846,2012:5,Ride Along 2:5,Nausicaä of the Valley of the Wind:1,West Side Story:3
User847,Miss Congeniality:5,Iron Man 3:1,The Mask of Zorro:4,Face/Off:3,Terms of Endearment:3
User848,Hostel:1,Legally Blonde:3,The Basketball Diaries:5,The Place Beyond the Pines:3
User849,Face/Off:3,The Darjeeling Limited:5,Casino Royale:1,Moonraker:4,Mercury Rising:4,Wind River:4
User850,Terms of Endearment:3,The Prestige:3,Thunderball:2,Total Recall:1,Cliffhanger:5,Indiana Jones and the Kingdom of the Crystal Skull:4
User851,Jumper:2,Waterworld:3,Johnny English Reborn:1,Edge of Tomorrow:5,The Dead Pool:4
User852,Knight and Day:1,Nausicaä of the Valley of the Wind:5,Hotel Rwanda:5,Miss Congeniality:2,Total Recall:4
User853,Out of Africa:5,Witness for the Prosecution:4,Message in a Bottle:2
User854,Jumper:1,Total Recall:3,Brokeback Mountain:5,Grave of the Fireflies:4,The Dark Knight:1
User855,The Hunger Games:2
User856,Jack the Giant Slayer:5,Just Married:2
User857,Hotel Artemis:3
User858,Hostel:5,The Social Network:4
User859,Django Unchained:3
User860,The Basketball Diaries:3,Just Married:3,Casino Royale:4,Brokeback Mountain:1,Sydney White:1,Con Air:4
User861,Legally Blonde:1
User862,Nausicaä of the Valley of the Wind:1,Argo:3,Django Unchained:1,Fighting with My Family:5,Nerve:3,Stand by Me:3,American Assassin:2,Hostel:1
User863,Wind River:4,Safe House:4,Knight and Day:1,West Side Story:1
User864,The House That Jack Built:4,Bird on a Wire:3,Terms of Endearment:1,Laurel Canyon:1,RoboCop 4:5,13 Hours:1
User865,Total Recall:5,First Reformed:1,Hostel:4,Johnny English Reborn:2,The Basketball Diaries:4,Strangers on a Train:1,13 Hours:3
User866,The Spy Who Dumped Me:2
User867,Thunderball:1,The Gauntlet:1,Witness for the Prosecution:1,War for the Planet of the Apes:1,The Hunger Games:5,Stand by Me:4
User868,Strangers on a Train:4,To the Forest of Firefly Lights:3,The Prestige:4,Moonraker:2,West Side Story:2,Ride Along 2:1,Bandits:4
User869,Fight Club:5,Jack the Giant Slayer:5,City of God:3,The Basketball Diaries:4,The Royal Tenenbaums:4,Bird on a Wire:2,Moonraker:1,The Hangover Part II:4
User870,Message in a Bottle:2
User871,Dirty Harry:5,Mamma Mia!:2,Face/Off:1,13 Hours:4
User872,Grave of the Fireflies:3,Knight and Day:4,Sherlock Holmes:1,Just Married:4
User873,Out of Africa:2,Brokeback Mountain:4,2012:5,The Prestige:1,The Rock:5,Une intime conviction:4,RED 2:3
User874,Moonraker:4
User875,The Amazing Spider-Man:4,Troy:4,Rambo:1
User876,Vanilla Sky:2,The Social Network:3,Ordinary People:2
User877,The Mask of Zorro:1,Taxi Driver:4,Johnny English Reborn:1,The Dead Pool:3
User878,American Assassin:3,Knight and Day:2,The Hangover Part II:3,Casino Royale:3,Fighting with My Family:1
User879,Concussion:4,Casino Royale:5,The Amazing Spider-Man:1,Waterworld:5
User880,Valhalla Rising:4,Django Unchained:5,Message in a Bottle:5,Gandhi:1
User881,Nerve:1,Mercury Rising:1,The Place Beyond the Pines:4,Out of Africa:5,Pale Rider:5,Strangers on a Train:2,Hostel:3
User882,Total Recall:5,The Hunger Games:5,Gandhi:1,Brokeback Mountain:4,Allegiant:4,Jack the Giant Slayer:2,Ordinary People:1
User883,The House That Jack Built:3,Vanilla Sky:2,Terms of Endearment:4,Witness for the Prosecution:1,We Were Soldiers:5
User884,Rambo:2,The Spy Who Dumped Me:1,Nausicaä of the Valley of the Wind:2,The Hangover Part II:5,Sherlock Holmes:1,Thunderball:1
User885,Concussion:1
User886,Django Unchained:2,The Gauntlet:4,Hotel Rwanda:1,Witness for the Prosecution:1,Grown Ups:3,Jumper:3
User887,Mercury Rising:3,The Untouchables:1
User888,The Darjeeling Limited:5,Charlie St. Cloud:3,Rambo:3,Django Unchained:1,The Prestige:1
User889,Johnny English Reborn:4
User890,RED 2:4
User891,Bird on a Wire:4,Iron Man 3:1,Django Unchained:4,Jumper:3,Valhalla Rising:1,Casino Royale:5,Sherlock Holmes:1
User892,Nausicaä of the Valley of the Wind:5
User893,First Reformed:5,Sherlock Holmes:3,The Dead Pool:5,Blade Runner 2049:1,Homefront:5,Casino Royale:3
User894,Bandits:2,Mamma Mia!:4,Argo:1,Con Air:3,Fight Club:3,The Prestige:5
User895,The Untouchables:3,Fargo:5
User896,Jack the Giant Slayer:5,America's Sweethearts:3,The House That Jack Built:4
User897,Valhalla Rising:5,Wind River:2,Bill & Ted's Excellent Adventure:2,Edge of Tomorrow:3,Jumper:5,America's Sweethearts:5,Con Air:5,RED 2:5
User898,Taxi Driver:1,Bandits:5,Jack the Giant Slayer:1,Waterworld:5,Homefront:3,The Spy Who Dumped Me:3,Witness for the Prosecution:2,The Gauntlet:2
User899,Argo:3
User900,The Untouchables:2,Brokeback Mountain:3,The Hangover Part II:2,The Prestige:5,Nausicaä of the Valley of the Wind:3,Witness for the Prosecution:5,Jack the Giant Slayer:4,2012:3
User901,Indiana Jones and the Kingdom of the Crystal Skull:1,The Prestige:2,Mercury Rising:5,Concussion:4,Bandits:2,Thunderball:4,Cliffhanger:1
User902,The Place Beyond the Pines:1
User903,RoboCop 4:4,Knight and Day:3,The Prestige:2,The Basketball Diaries:5
User904,Terms of Endearment:3,Fargo:1,Troy:2,Total Recall:3,Argo:2,Safe House:1,The Girl in the Spider's Web:4
User905,Une intime conviction:4,The Prestige:3,The Gauntlet:5
User906,The Hangover Part II:2,Bird on a Wire:5
User907,Fight Club:1,Jumper:3,2012:3,American Assassin:1,Knight and Day:1,West Side Story:5
User908,West Side Story:2,Ordinary People:3,Fargo:2,Casino Royale:2,Wind River:3
User909,American Pie 2:1,Moonraker:2,Witness for the Prosecution:5,Mamma Mia!:4,West Side Story:3,The Amazing Spider-Man:3,Hotel Rwanda:3,The Place Beyond the Pines:3
User910,Nausicaä of the Valley of the Wind:5,2012:1,Gran Torino:5,Homefront:4,American Pie 2:5,Hart's War:2,The Untouchables:2,The Dead Pool:5
User911,The Spy Who Dumped Me:1,RED 2:2
User912,Django Unchained:5,The Hangover Part II:1,Iron Man 2:5
User913,We Were Soldiers:3
User914,Total Recall:5,Allegiant:3,Mamma Mia!:2,...and justice for all.:3,American Assassin:1,The Dead Pool:2,The Spy Who Dumped Me:2
User915,Gandhi:5,Gran Torino:4,Brokeback Mountain:1,Bird on a Wire:2,Vanilla Sky:1,The Rock:2,Miss Congeniality:5,...and justice for all.:5
User916,Johnny English Reborn:1,The House That Jack Built:2,Strangers on a Train:4
User917,The Royal Tenenbaums:5,City of God:4
User918,The Untouchables:2,Edge of Tomorrow:5,Con Air:5
User919,Django Unchained:2,The Gauntlet:3
User920,The Untouchables:1,Sydney White:4,Johnny English Reborn:5,Jumper:5
User921,2012:3,Edge of Tomorrow:3,Allegiant:4,The Untouchables:1,West Side Story:3
User922,Nausicaä of the Valley of the Wind:1,America's Sweethearts:5,Terms of Endearment:3,Grown Ups:1,Jumper:1,Allegiant:4,Bird on a Wire:3
User923,Sherlock Holmes:5,The Girl in the Spider's Web:1,Legally Blonde:1
User924,The Hangover Part II:4,Out of Africa:4,The Dark Knight:1,The Amazing Spider-Man:2,Con Air:1,The Place Beyond the Pines:1
User925,West Side Story:1,City of God:2,The Place Beyond the Pines:5,First Reformed:5,Hart's War:3,Allegiant:1,Ride Along 2:2
User926,The Untouchables:5,The Amazing Spider-Man:3,First Reformed:1,We Were Soldiers:1,Hart's War:2,Safe House:3
User927,Taxi Driver:3,Jack the Giant Slayer:1,Johnny English Reborn:1,Fargo:2,The Gauntlet:3,Knight and Day:1
User928,Troy:1,Concussion:3,West Side Story:3
User929,The Untouchables:3,American Assassin:3,American Pie 2:2,War for the Planet of the Apes:5,Stand by Me:2,Strangers on a Train:5
User930,Iron Man 3:1,Stand by Me:2,Bird on a Wire:4
User931,West Side Story:4,Moonraker:1,Casino Royale:3,Fighting with My Family:1,The Dark Knight:4,Message in a Bottle:2,Grave of the Fireflies:5,The Royal Tenenbaums:2
User932,The Dark Knight:4,Out of Africa:3,Hotel Rwanda:2,Brokeback Mountain:4,Dirty Grandpa:1,Hart's War:2,The Hunger Games:1,Bill & Ted's Excellent Adventure:5
User933,2012:1,Allegiant:2,Mercury Rising:3,America's Sweethearts:3,RoboCop 4:2,Sherlock Holmes:1,Grave of the Fireflies:3,West Side Story:1
User934,Ride Along 2:4,Fighting with My Family:3,RoboCop 4:1,Fight Club:2,The Place Beyond the Pines:3
User935,RED 2:3,Taxi Driver:3,The Basketball Diaries:1
User936,RED 2:1,Fighting with My Family:3,Pale Rider:1,RoboCop 4:3,Jack the Giant Slayer:5,The Gauntlet:4,Bill & Ted's Excellent Adventure:1
User937,Nerve:3,To the Forest of Firefly Lights:3,2012:5,American Pie 2:2,Bill & Ted's Excellent Adventure:4
User938,Charlie St. Cloud:3
User939,The Gauntlet:2,The Girl in the Spider's Web:1,Just Married:1,Hostel:1
User940,Mamma Mia!:2,Hart's War:3
User941,Moonraker:1
User942,Knight and Day:3,Homefront:4,Johnny English Reborn:3,Nausicaä of the Valley of the Wind:5,Iron Man 2:3,The Basketball Diaries:2,Charlie St. Cloud:3
User943,Fight Club:1
User944,Charlie St. Cloud:4,Stand by Me:5,The Girl in the Spider's Web:4,The Gauntlet:2,2012:1
User945,America's Sweethearts:4,Dirty Grandpa:1,The Place Beyond the Pines:3,Blade Runner 2049:2,Thunderball:3,RoboCop 4:3,Laurel Canyon:5
User946,Thunderball:1
User947,Johnny English Reborn:4,To the Forest of Firefly Lights:3
User948,Hostel:4,Troy:1
User949,Allegiant:3,Hostel:3,Homefront:5,The Hangover Part II:1,Taxi Driver:2,Nerve:5,Legally Blonde:5
User950,Iron Man 3:3,Bill & Ted's Excellent Adventure:5,The Rock:2,Dirty Harry:5,Rambo:2,Taxi Driver:4
User951,The Prestige:3,Indiana Jones and the Kingdom of the Crystal Skull:1
User952,Jack the Giant Slayer:2,Message in a Bottle:3,Pale Rider:3,Con Air:2
User953,...and justice for all.:5,Laurel Canyon:1,Rambo:4,Nerve:5,Moonraker:4,Fighting with My Family:2
User954,Concussion:4,Mamma Mia!:1,Mercury Rising:5,Une intime conviction:2,The Social Network:5
User955,Hostel:5,Nerve:4
User956,The Prestige:1,The Dark Knight:3,Casino Royale:2,Hart's War:3,...and justice for all.:1,Johnny English Reborn:4
User957,...and justice for all.:1,Moonraker:1,Fight Club:1,The Basketball Diaries:1
User958,Johnny English Reborn:3,The Rock:2,The Mask of Zorro:4,Iron Man 2:4
User959,Nerve:3,Bird on a Wire:1,Vanilla Sky:3
User960,Troy:2,Con Air:3
User961,Rambo:4,...and justice for all.:4,Iron Man 2:1,First Reformed:3,Allegiant:5
User962,RED 2:5,Argo:5
User963,The Hangover Part II:5
User964,We Were Soldiers:1,To the Forest of Firefly Lights:4
User965,Charlie St. Cloud:1,Allegiant:1,Casino Royale:4
User966,The Place Beyond the Pines:3,13 Hours:3
User967,Fargo:2,The House That Jack Built:1,Iron Man 3:1,Pale Rider:4,Hotel Artemis:2,Bill & Ted's Excellent Adventure:1
User968,Miss Congeniality:5,2012:1
User969,Con Air:5,Knight and Day:1,Moonraker:3,The Rock:3,The House That Jack Built:2,Miss Congeniality:4,Face/Off:1
User970,Hotel Artemis:5,Dirty Grandpa:4
User971,The Untouchables:5,Rambo:3,Casino Royale:2,Laurel Canyon:1,Iron Man 2:3,Edge of Tomorrow:5,The Hunger Games:1,Witness for the Prosecution:4
User972,Bill & Ted's Excellent Adventure:4,Sydney White:4,Gran Torino:5,The Darjeeling Limited:3,The Gauntlet:2,Bird on a Wire:5,The House That Jack Built:1
User973,Valhalla Rising:5,Iron Man 2:2,Nerve:2,The House That Jack Built:1,Mamma Mia!:5,The Royal Tenenbaums:1
User974,Iron Man 3:4,Johnny English Reborn:3,Hotel Artemis:5,Vanilla Sky:4,Nausicaä of the Valley of the Wind:1
User975,Thunderball:2,Legally Blonde:3,Strangers on a Train:5,Pale Rider:3,Ride Along 2:3,To the Forest of Firefly Lights:5,American Assassin:1,Gran Torino:4
User976,Joy:5,The Prestige:1,Strangers on a Train:1,Mercury Rising:4,Sherlock Holmes:2,We Were Soldiers:5,Knight and Day:1,West Side Story:4
User977,Witness for the Prosecution:2,Troy:5,Total Recall:4,Message in a Bottle:1,Laurel Canyon:4
User978,Fighting with My Family:3
User979,Hotel Artemis:5,Safe House:1,Iron Man 2:5,The Prestige:2,Miss Congeniality:1,Cliffhanger:5,The Dead Pool:2,Laurel Canyon:3
User980,Ordinary People:1,The Hunger Games:3,Casino Royale:5,Sherlock Holmes:3,City of God:4
User981,Moonraker:5
User982,RoboCop 4:5,The Girl in the Spider's Web:5
User983,Mercury Rising:4,Dirty Grandpa:4,Sydney White:4,Rambo:2,Blade Runner 2049:2,City of God:1
User984,The Gauntlet:5,The Amazing Spider-Man:3,Mamma Mia!:5,Stand by Me:3,Indiana Jones and the Kingdom of the Crystal Skull:5,First Reformed:4
User985,Une intime conviction:4,Bill & Ted's Excellent Adventure:2,Con Air:5
User986,Total Recall:4,The Rock:1,Jumper:4,The Basketball Diaries:1,2012:1
User987,The Spy Who Dumped Me:4,American Assassin:4,Legally Blonde:4,Charlie St. Cloud:1,Face/Off:3,Blade Runner 2049:1
User988,Sherlock Holmes:2,Joy:3,Blade Runner 2049:3,Grown Ups:1,Sydney White:5,The House That Jack Built:3,Rambo:2,Con Air:4
User989,Fargo:2,Charlie St. Cloud:2
User990,We Were Soldiers:5,First Reformed:4,Johnny English Reborn:5,Concussion:3,Fight Club:3,The Hunger Games:4,Blade Runner 2049:1
User991,Sydney White:5,The Gauntlet:1
User992,Vanilla Sky:4,Waterworld:4,Joy:4,Bird on a Wire:1,The Prestige:2,Hotel Artemis:3
User993,Django Unchained:4,Valhalla Rising:4,Brokeback Mountain:5
User994,To the Forest of Firefly Lights:1,The Girl in the Spider's Web:2,Just Married:2,Gandhi:3,Homefront:4,Hotel Artemis:3
User995,City of God:2,Django Unchained:1,Brokeback Mountain:5,Gran Torino:1,Hotel Artemis:3,West Side Story:2
User996,Allegiant:5,Cliffhanger:1
User997,The Social Network:4
User998,Ordinary People:1,Thunderball:2,Grown Ups:3
User999,Mercury Rising:2,Hostel:5,Strangers on a Train:5,Bandits:4,The Place Beyond the Pines:2,The Mask of Zorro:5,American Assassin:2,The Gauntlet:1